Theoretical Angle (deg),IMU Angle (deg),ADC Value,Rotary Encoder
70.0,-4.06,-110.0,517.0
70.0,-4.06,-110.0,518.0
70.0,-4.06,-110.0,517.0
70.0,-4.06,-110.0,517.0
70.0,-4.06,-110.0,517.0
70.0,-4.06,-110.0,517.0
100.0,100.0,100.0,100.0
70.0,-3.56,-110.0,515.0
70.0,-3.75,-110.0,516.0
70.0,-3.81,-110.0,516.0
70.0,-3.94,-110.0,516.0
70.0,-4.0,-110.0,515.0
70.0,-4.06,-110.0,516.0
70.0,-4.13,-110.0,516.0
70.0,-4.19,-110.0,516.0
70.0,-4.25,-110.0,515.0
70.0,-4.25,-110.0,516.0
70.0,-4.25,-110.0,516.0
70.0,-4.25,-110.0,516.0
70.0,-4.25,-110.0,516.0
70.0,-4.25,-110.0,515.0
70.0,-4.25,-110.0,516.0
70.0,-4.25,-110.0,515.0
70.0,-4.25,-110.0,515.0
70.0,-4.25,-110.0,516.0
70.0,-4.25,-110.0,515.0
70.0,-4.25,-110.0,515.0
70.0,-4.25,-110.0,515.0
70.0,-4.25,-110.0,516.0
70.0,-4.25,-110.0,516.0
70.0,-4.25,-110.0,515.0
70.0,-4.25,-110.0,516.0
70.0,-4.25,-110.0,516.0
70.0,-4.25,-110.0,516.0
70.0,-4.25,-110.0,515.0
70.0,-4.25,-110.0,516.0
70.0,-4.25,-110.0,515.0
70.0,-4.25,-110.0,515.0
70.0,-4.25,-110.0,516.0
70.0,-4.25,-110.0,516.0
70.0,-4.25,-110.0,516.0
70.0,-4.25,-110.0,515.0
70.0,-4.25,-110.0,515.0
70.0,-4.25,-110.0,515.0
70.0,-4.25,-110.0,516.0
70.0,-4.25,-110.0,516.0
70.0,-4.25,-110.0,515.0
60.0,-16.81,-116.0,477.0
60.0,-16.81,-116.0,477.0
60.0,-16.81,-116.0,477.0
60.0,-16.81,-116.0,477.0
60.0,-16.81,-116.0,478.0
60.0,-16.81,-116.0,478.0
60.0,-16.81,-116.0,477.0
60.0,-16.81,-116.0,477.0
60.0,-16.81,-116.0,477.0
60.0,-16.81,-116.0,477.0
60.0,-16.81,-116.0,477.0
60.0,-16.81,-116.0,477.0
60.0,-16.81,-116.0,477.0
60.0,-16.81,-116.0,477.0
60.0,-16.81,-116.0,477.0
60.0,-16.81,-116.0,477.0
60.0,-16.81,-116.0,478.0
60.0,-16.81,-116.0,477.0
60.0,-16.81,-116.0,477.0
60.0,-16.81,-116.0,478.0
60.0,-16.81,-116.0,477.0
60.0,-16.81,-116.0,477.0
60.0,-16.81,-116.0,477.0
60.0,-16.81,-116.0,478.0
60.0,-16.81,-116.0,477.0
60.0,-16.81,-116.0,477.0
60.0,-16.81,-116.0,477.0
60.0,-16.81,-116.0,477.0
60.0,-16.81,-116.0,477.0
60.0,-16.81,-116.0,477.0
60.0,-16.81,-116.0,477.0
60.0,-16.81,-116.0,477.0
60.0,-16.81,-116.0,477.0
60.0,-16.81,-116.0,477.0
60.0,-16.81,-116.0,477.0
60.0,-16.81,-116.0,477.0
60.0,-16.81,-116.0,478.0
60.0,-16.81,-116.0,477.0
60.0,-16.81,-116.0,477.0
60.0,-16.81,-116.0,477.0
60.0,-16.81,-116.0,477.0
60.0,-16.81,-116.0,477.0
60.0,-16.81,-116.0,478.0
60.0,-16.81,-116.0,477.0
60.0,-16.81,-116.0,477.0
60.0,-16.81,-116.0,477.0
60.0,-16.81,-116.0,477.0
60.0,-16.81,-116.0,477.0
60.0,-16.81,-116.0,477.0
60.0,-16.81,-116.0,477.0
50.0,-31.06,-123.0,433.0
50.0,-31.06,-123.0,433.0
50.0,-31.06,-123.0,432.0
50.0,-31.06,-123.0,432.0
50.0,-31.06,-123.0,433.0
50.0,-31.06,-123.0,432.0
50.0,-31.06,-123.0,433.0
50.0,-31.06,-123.0,433.0
50.0,-31.06,-123.0,432.0
50.0,-31.06,-123.0,433.0
50.0,-31.06,-123.0,432.0
50.0,-31.06,-123.0,433.0
50.0,-31.06,-123.0,433.0
50.0,-31.06,-123.0,433.0
50.0,-31.06,-123.0,433.0
50.0,-31.06,-123.0,432.0
50.0,-31.06,-123.0,433.0
50.0,-31.06,-123.0,433.0
50.0,-31.06,-123.0,433.0
50.0,-31.06,-123.0,433.0
50.0,-31.06,-123.0,432.0
50.0,-31.06,-123.0,433.0
50.0,-31.06,-123.0,432.0
50.0,-31.06,-123.0,432.0
50.0,-31.06,-123.0,433.0
50.0,-31.06,-123.0,433.0
50.0,-31.06,-123.0,433.0
50.0,-31.06,-123.0,432.0
50.0,-31.06,-123.0,433.0
50.0,-31.06,-123.0,433.0
50.0,-31.06,-123.0,433.0
50.0,-31.06,-123.0,433.0
50.0,-31.06,-123.0,433.0
50.0,-31.06,-123.0,432.0
50.0,-31.06,-123.0,433.0
50.0,-31.06,-123.0,433.0
50.0,-31.06,-123.0,432.0
50.0,-31.06,-123.0,432.0
50.0,-31.06,-123.0,433.0
50.0,-31.06,-123.0,432.0
50.0,-31.06,-123.0,433.0
50.0,-31.06,-123.0,433.0
50.0,-31.06,-123.0,432.0
50.0,-31.06,-123.0,432.0
50.0,-31.06,-123.0,433.0
50.0,-31.06,-123.0,432.0
50.0,-31.06,-123.0,433.0
50.0,-31.06,-123.0,433.0
50.0,-31.06,-123.0,432.0
50.0,-31.06,-123.0,433.0
40.0,-45.88,-131.0,385.0
40.0,-45.88,-131.0,385.0
40.0,-45.88,-131.0,385.0
40.0,-45.88,-131.0,385.0
40.0,-45.88,-131.0,385.0
40.0,-45.88,-131.0,385.0
40.0,-45.88,-131.0,385.0
40.0,-45.88,-131.0,385.0
40.0,-45.88,-131.0,385.0
40.0,-45.88,-131.0,385.0
40.0,-45.88,-131.0,385.0
40.0,-45.88,-131.0,385.0
40.0,-45.88,-131.0,385.0
40.0,-45.88,-131.0,385.0
40.0,-45.88,-131.0,385.0
40.0,-45.88,-131.0,385.0
40.0,-45.88,-131.0,385.0
40.0,-45.88,-131.0,385.0
40.0,-45.88,-130.0,386.0
40.0,-45.88,-131.0,385.0
40.0,-45.88,-131.0,385.0
40.0,-45.88,-131.0,385.0
40.0,-45.88,-131.0,385.0
40.0,-45.88,-131.0,385.0
40.0,-45.88,-131.0,385.0
40.0,-45.88,-131.0,385.0
40.0,-45.88,-131.0,385.0
40.0,-45.88,-131.0,385.0
40.0,-45.88,-131.0,385.0
40.0,-45.88,-131.0,385.0
40.0,-45.88,-131.0,386.0
40.0,-45.88,-131.0,385.0
40.0,-45.88,-131.0,385.0
40.0,-45.88,-131.0,385.0
40.0,-45.88,-131.0,385.0
40.0,-45.88,-131.0,385.0
40.0,-45.88,-131.0,385.0
40.0,-45.88,-131.0,386.0
40.0,-45.88,-131.0,385.0
40.0,-45.88,-131.0,386.0
40.0,-45.88,-131.0,385.0
40.0,-45.88,-131.0,385.0
40.0,-45.88,-131.0,385.0
40.0,-45.88,-131.0,385.0
40.0,-45.88,-131.0,385.0
40.0,-45.88,-131.0,386.0
40.0,-45.88,-131.0,385.0
40.0,-45.88,-131.0,385.0
40.0,-45.88,-131.0,385.0
40.0,-45.88,-131.0,385.0
30.0,-60.63,-139.0,336.0
30.0,-60.56,-140.0,336.0
30.0,-60.5,-140.0,336.0
30.0,-60.5,-140.0,336.0
30.0,-60.44,-140.0,336.0
30.0,-60.44,-140.0,336.0
30.0,-60.44,-140.0,336.0
30.0,-60.44,-140.0,336.0
30.0,-60.44,-139.0,336.0
30.0,-60.44,-140.0,336.0
30.0,-60.44,-140.0,336.0
30.0,-60.44,-140.0,336.0
30.0,-60.44,-140.0,336.0
30.0,-60.44,-140.0,336.0
30.0,-60.44,-140.0,336.0
30.0,-60.44,-140.0,336.0
30.0,-60.44,-140.0,336.0
30.0,-60.44,-140.0,336.0
30.0,-60.44,-140.0,336.0
30.0,-60.44,-140.0,336.0
30.0,-60.44,-139.0,336.0
30.0,-60.44,-140.0,336.0
30.0,-60.44,-140.0,336.0
30.0,-60.44,-140.0,336.0
30.0,-60.44,-140.0,336.0
30.0,-60.44,-140.0,336.0
30.0,-60.44,-140.0,336.0
30.0,-60.44,-140.0,336.0
30.0,-60.44,-140.0,336.0
30.0,-60.44,-140.0,336.0
30.0,-60.44,-140.0,336.0
30.0,-60.44,-140.0,336.0
30.0,-60.44,-140.0,336.0
30.0,-60.44,-139.0,336.0
30.0,-60.44,-140.0,336.0
30.0,-60.44,-140.0,336.0
30.0,-60.44,-140.0,336.0
30.0,-60.44,-140.0,336.0
30.0,-60.44,-140.0,336.0
30.0,-60.44,-140.0,336.0
30.0,-60.44,-140.0,336.0
30.0,-60.44,-140.0,336.0
30.0,-60.44,-140.0,336.0
30.0,-60.44,-140.0,336.0
30.0,-60.44,-140.0,336.0
30.0,-60.44,-140.0,336.0
30.0,-60.44,-139.0,336.0
30.0,-60.44,-139.0,336.0
30.0,-60.44,-140.0,336.0
30.0,-60.44,-140.0,336.0
20.0,-73.87,-149.0,290.0
20.0,-73.81,-149.0,290.0
20.0,-73.75,-149.0,290.0
20.0,-73.75,-149.0,290.0
20.0,-73.75,-149.0,290.0
20.0,-73.75,-149.0,290.0
20.0,-73.75,-149.0,290.0
20.0,-73.75,-149.0,290.0
20.0,-73.75,-149.0,290.0
20.0,-73.75,-149.0,290.0
20.0,-73.75,-149.0,290.0
20.0,-73.75,-149.0,290.0
20.0,-73.75,-149.0,290.0
20.0,-73.75,-149.0,290.0
20.0,-73.75,-149.0,290.0
20.0,-73.75,-149.0,290.0
20.0,-73.75,-149.0,290.0
20.0,-73.75,-149.0,290.0
20.0,-73.75,-149.0,290.0
20.0,-73.75,-149.0,290.0
20.0,-73.75,-149.0,290.0
20.0,-73.75,-149.0,290.0
20.0,-73.75,-148.0,290.0
20.0,-73.75,-149.0,290.0
20.0,-73.75,-149.0,290.0
20.0,-73.75,-149.0,290.0
20.0,-73.75,-149.0,290.0
20.0,-73.75,-149.0,291.0
20.0,-73.44,-149.0,291.0
20.0,-73.44,-148.0,291.0
20.0,-73.37,-149.0,291.0
20.0,-73.37,-149.0,291.0
20.0,-73.31,-149.0,291.0
20.0,-73.31,-149.0,291.0
20.0,-73.25,-149.0,291.0
20.0,-73.25,-149.0,291.0
20.0,-73.25,-148.0,291.0
20.0,-73.25,-149.0,291.0
20.0,-73.25,-149.0,291.0
20.0,-73.25,-149.0,291.0
20.0,-73.25,-148.0,291.0
20.0,-73.25,-149.0,291.0
20.0,-73.25,-148.0,291.0
20.0,-73.25,-149.0,291.0
20.0,-73.25,-149.0,291.0
20.0,-73.25,-149.0,291.0
20.0,-73.25,-149.0,291.0
20.0,-73.25,-149.0,291.0
20.0,-73.25,-149.0,291.0
20.0,-73.25,-149.0,291.0
10.0,-86.37,-159.0,244.0
10.0,-86.37,-159.0,245.0
10.0,-86.31,-159.0,244.0
10.0,-86.31,-159.0,244.0
10.0,-86.31,-159.0,245.0
10.0,-86.31,-159.0,244.0
10.0,-86.31,-159.0,244.0
10.0,-86.31,-159.0,245.0
10.0,-86.31,-159.0,244.0
10.0,-86.31,-159.0,244.0
10.0,-86.31,-159.0,244.0
10.0,-86.31,-159.0,245.0
10.0,-86.31,-159.0,244.0
10.0,-86.31,-159.0,245.0
10.0,-86.31,-159.0,244.0
10.0,-86.31,-159.0,245.0
10.0,-86.31,-159.0,245.0
10.0,-86.31,-159.0,245.0
10.0,-86.31,-159.0,244.0
10.0,-86.31,-159.0,244.0
10.0,-86.31,-159.0,244.0
10.0,-86.31,-159.0,244.0
10.0,-86.31,-159.0,244.0
10.0,-86.31,-159.0,244.0
10.0,-86.31,-159.0,244.0
10.0,-86.31,-159.0,244.0
10.0,-86.31,-159.0,245.0
10.0,-86.31,-159.0,244.0
10.0,-86.31,-159.0,244.0
10.0,-86.31,-159.0,244.0
10.0,-86.31,-159.0,244.0
10.0,-86.31,-159.0,244.0
10.0,-86.31,-159.0,244.0
10.0,-86.31,-159.0,244.0
10.0,-86.31,-159.0,245.0
10.0,-86.31,-159.0,244.0
10.0,-86.31,-159.0,244.0
10.0,-86.31,-159.0,244.0
10.0,-86.31,-159.0,245.0
10.0,-86.31,-159.0,244.0
10.0,-86.31,-159.0,245.0
10.0,-86.31,-159.0,244.0
10.0,-86.31,-159.0,245.0
10.0,-86.31,-159.0,244.0
10.0,-86.31,-159.0,244.0
10.0,-86.31,-159.0,244.0
10.0,-86.31,-159.0,245.0
10.0,-86.31,-159.0,244.0
10.0,-86.31,-159.0,244.0
10.0,-86.31,-159.0,244.0
20.0,-73.62,-150.0,288.0
20.0,-73.62,-150.0,288.0
20.0,-73.62,-150.0,288.0
20.0,-73.62,-150.0,288.0
20.0,-73.62,-150.0,288.0
20.0,-73.62,-149.0,288.0
20.0,-73.62,-150.0,288.0
20.0,-73.62,-150.0,288.0
20.0,-73.62,-149.0,289.0
20.0,-73.62,-150.0,288.0
20.0,-73.62,-150.0,288.0
20.0,-73.62,-150.0,288.0
20.0,-73.62,-150.0,289.0
20.0,-73.62,-150.0,288.0
20.0,-73.62,-150.0,288.0
20.0,-73.62,-150.0,288.0
20.0,-73.62,-150.0,288.0
20.0,-73.62,-150.0,289.0
20.0,-73.62,-150.0,289.0
20.0,-73.62,-150.0,288.0
20.0,-73.62,-150.0,288.0
20.0,-73.62,-150.0,288.0
20.0,-73.62,-150.0,288.0
20.0,-73.62,-150.0,288.0
20.0,-73.62,-150.0,289.0
20.0,-73.62,-150.0,288.0
20.0,-73.62,-150.0,288.0
20.0,-73.62,-150.0,288.0
20.0,-73.62,-150.0,289.0
20.0,-73.62,-150.0,288.0
20.0,-73.62,-150.0,288.0
20.0,-73.62,-150.0,288.0
20.0,-73.62,-150.0,288.0
20.0,-73.62,-149.0,288.0
20.0,-73.62,-150.0,288.0
20.0,-73.62,-150.0,288.0
20.0,-73.62,-150.0,289.0
20.0,-73.62,-149.0,288.0
20.0,-73.62,-150.0,288.0
20.0,-73.62,-150.0,288.0
20.0,-73.62,-149.0,289.0
20.0,-73.62,-149.0,289.0
20.0,-73.62,-150.0,289.0
20.0,-73.62,-150.0,288.0
20.0,-73.62,-150.0,288.0
20.0,-73.62,-149.0,288.0
20.0,-73.62,-150.0,288.0
20.0,-73.62,-150.0,288.0
20.0,-73.62,-150.0,289.0
20.0,-73.62,-150.0,288.0
30.0,-60.75,-140.0,334.0
30.0,-60.69,-140.0,334.0
30.0,-60.69,-140.0,333.0
30.0,-60.69,-140.0,334.0
30.0,-60.69,-140.0,334.0
30.0,-60.69,-140.0,334.0
30.0,-60.69,-140.0,334.0
30.0,-60.69,-140.0,333.0
30.0,-60.69,-140.0,334.0
30.0,-60.69,-140.0,334.0
30.0,-60.69,-139.0,334.0
30.0,-60.69,-140.0,334.0
30.0,-60.69,-140.0,334.0
30.0,-60.69,-140.0,334.0
30.0,-60.69,-140.0,333.0
30.0,-60.69,-140.0,334.0
30.0,-60.69,-140.0,334.0
30.0,-60.69,-140.0,334.0
30.0,-60.69,-140.0,334.0
30.0,-60.69,-140.0,334.0
30.0,-60.69,-140.0,333.0
30.0,-60.69,-140.0,334.0
30.0,-60.69,-140.0,334.0
30.0,-60.69,-140.0,334.0
30.0,-60.69,-140.0,334.0
30.0,-60.69,-140.0,334.0
30.0,-60.69,-140.0,334.0
30.0,-60.69,-140.0,334.0
30.0,-60.69,-140.0,334.0
30.0,-60.69,-140.0,333.0
30.0,-60.69,-140.0,333.0
30.0,-60.69,-140.0,334.0
30.0,-60.69,-140.0,334.0
30.0,-60.69,-140.0,334.0
30.0,-60.69,-139.0,333.0
30.0,-60.69,-140.0,334.0
30.0,-60.69,-140.0,334.0
30.0,-60.69,-140.0,334.0
30.0,-60.69,-140.0,334.0
30.0,-60.69,-140.0,334.0
30.0,-60.69,-140.0,334.0
30.0,-60.69,-140.0,333.0
30.0,-60.69,-140.0,334.0
30.0,-60.69,-140.0,334.0
30.0,-60.69,-140.0,334.0
30.0,-60.69,-140.0,334.0
30.0,-60.69,-140.0,334.0
30.0,-60.69,-140.0,334.0
30.0,-60.69,-140.0,334.0
30.0,-60.69,-140.0,334.0
40.0,-46.25,-131.0,380.0
40.0,-46.25,-131.0,381.0
40.0,-46.25,-131.0,381.0
40.0,-46.25,-131.0,380.0
40.0,-46.25,-131.0,381.0
40.0,-46.25,-131.0,380.0
40.0,-46.25,-131.0,380.0
40.0,-46.25,-131.0,380.0
40.0,-46.25,-131.0,381.0
40.0,-46.25,-131.0,381.0
40.0,-46.25,-131.0,380.0
40.0,-46.25,-131.0,381.0
40.0,-46.25,-131.0,381.0
40.0,-46.25,-131.0,380.0
40.0,-46.25,-131.0,381.0
40.0,-46.25,-131.0,381.0
40.0,-46.25,-131.0,380.0
40.0,-46.25,-131.0,381.0
40.0,-46.25,-131.0,381.0
40.0,-46.25,-131.0,381.0
40.0,-46.25,-131.0,381.0
40.0,-46.25,-131.0,381.0
40.0,-46.25,-131.0,381.0
40.0,-46.25,-131.0,380.0
40.0,-46.25,-131.0,381.0
40.0,-46.25,-131.0,381.0
40.0,-46.25,-131.0,381.0
40.0,-46.25,-131.0,381.0
40.0,-46.25,-131.0,381.0
40.0,-46.25,-131.0,381.0
40.0,-46.25,-131.0,381.0
40.0,-46.25,-131.0,381.0
40.0,-46.25,-131.0,380.0
40.0,-46.25,-131.0,381.0
40.0,-46.25,-131.0,381.0
40.0,-46.25,-131.0,381.0
40.0,-46.25,-131.0,381.0
40.0,-46.25,-131.0,381.0
40.0,-46.25,-131.0,381.0
40.0,-46.25,-131.0,381.0
40.0,-46.25,-131.0,381.0
40.0,-46.25,-131.0,381.0
40.0,-46.25,-131.0,380.0
40.0,-46.25,-131.0,381.0
40.0,-46.25,-131.0,381.0
40.0,-46.25,-131.0,381.0
40.0,-46.25,-131.0,381.0
40.0,-46.25,-131.0,385.0
40.0,-45.06,-130.0,385.0
40.0,-45.06,-130.0,385.0
50.0,-32.0,-123.0,427.0
50.0,-32.0,-123.0,427.0
50.0,-32.0,-123.0,427.0
50.0,-32.0,-123.0,427.0
50.0,-32.0,-123.0,427.0
50.0,-32.0,-123.0,426.0
50.0,-32.0,-123.0,427.0
50.0,-32.0,-123.0,427.0
50.0,-32.0,-123.0,427.0
50.0,-32.0,-123.0,427.0
50.0,-32.0,-123.0,427.0
50.0,-32.0,-123.0,427.0
50.0,-32.0,-123.0,427.0
50.0,-32.0,-123.0,427.0
50.0,-32.0,-123.0,427.0
50.0,-32.0,-123.0,427.0
50.0,-32.0,-123.0,427.0
50.0,-32.0,-123.0,426.0
50.0,-32.0,-123.0,428.0
50.0,-32.0,-123.0,426.0
50.0,-32.0,-123.0,427.0
50.0,-32.0,-123.0,426.0
50.0,-32.0,-123.0,429.0
50.0,-31.37,-123.0,429.0
50.0,-31.37,-123.0,429.0
50.0,-31.37,-123.0,428.0
50.0,-31.37,-123.0,429.0
50.0,-31.37,-123.0,429.0
50.0,-31.37,-123.0,429.0
50.0,-31.37,-123.0,429.0
50.0,-31.37,-123.0,429.0
50.0,-31.37,-123.0,429.0
50.0,-31.37,-123.0,429.0
50.0,-31.37,-123.0,429.0
50.0,-31.37,-123.0,429.0
50.0,-31.37,-123.0,429.0
50.0,-31.37,-123.0,429.0
50.0,-31.37,-123.0,429.0
50.0,-31.37,-123.0,429.0
50.0,-31.37,-123.0,429.0
50.0,-31.37,-123.0,429.0
50.0,-31.37,-123.0,429.0
50.0,-31.37,-123.0,429.0
50.0,-31.37,-123.0,429.0
50.0,-31.37,-123.0,429.0
50.0,-31.37,-123.0,428.0
50.0,-31.37,-123.0,429.0
50.0,-31.37,-123.0,429.0
50.0,-31.37,-123.0,429.0
50.0,-31.37,-123.0,429.0
60.0,-17.25,-116.0,473.0
60.0,-17.25,-116.0,473.0
60.0,-17.25,-116.0,473.0
60.0,-17.25,-116.0,473.0
60.0,-17.25,-116.0,473.0
60.0,-17.25,-116.0,473.0
60.0,-17.25,-116.0,473.0
60.0,-17.25,-116.0,473.0
60.0,-17.25,-116.0,473.0
60.0,-17.25,-116.0,473.0
60.0,-17.25,-116.0,473.0
60.0,-17.25,-116.0,473.0
60.0,-17.25,-116.0,473.0
60.0,-17.25,-116.0,473.0
60.0,-17.25,-116.0,473.0
60.0,-17.25,-116.0,473.0
60.0,-17.25,-116.0,473.0
60.0,-17.25,-116.0,473.0
60.0,-17.25,-116.0,473.0
60.0,-17.25,-116.0,473.0
60.0,-17.25,-116.0,473.0
60.0,-17.25,-116.0,473.0
60.0,-17.25,-116.0,473.0
60.0,-17.25,-116.0,473.0
60.0,-17.25,-116.0,473.0
60.0,-17.25,-116.0,473.0
60.0,-17.25,-116.0,473.0
60.0,-17.25,-116.0,473.0
60.0,-17.25,-116.0,473.0
60.0,-17.25,-116.0,473.0
60.0,-17.25,-116.0,473.0
60.0,-17.25,-116.0,473.0
60.0,-17.25,-116.0,474.0
60.0,-17.25,-116.0,473.0
60.0,-17.25,-116.0,473.0
60.0,-17.25,-116.0,473.0
60.0,-17.25,-116.0,474.0
60.0,-17.25,-116.0,473.0
60.0,-17.25,-116.0,473.0
60.0,-17.25,-116.0,473.0
60.0,-17.25,-116.0,473.0
60.0,-17.25,-116.0,474.0
60.0,-17.25,-116.0,473.0
60.0,-17.25,-116.0,473.0
60.0,-17.25,-116.0,473.0
60.0,-17.25,-116.0,473.0
60.0,-17.25,-116.0,473.0
60.0,-17.25,-116.0,473.0
60.0,-17.25,-116.0,473.0
60.0,-17.25,-116.0,473.0
70.0,-3.75,-110.0,516.0
70.0,-3.81,-110.0,516.0
70.0,-3.81,-110.0,516.0
70.0,-3.88,-109.0,516.0
70.0,-3.88,-110.0,516.0
70.0,-3.88,-110.0,516.0
70.0,-3.88,-109.0,516.0
70.0,-3.88,-110.0,516.0
70.0,-3.88,-110.0,516.0
70.0,-3.88,-110.0,516.0
70.0,-3.88,-110.0,516.0
70.0,-3.88,-109.0,516.0
70.0,-3.88,-110.0,516.0
70.0,-3.81,-109.0,516.0
70.0,-3.81,-109.0,516.0
70.0,-3.81,-109.0,516.0
70.0,-3.81,-109.0,516.0
70.0,-3.81,-110.0,516.0
70.0,-3.81,-109.0,516.0
70.0,-3.81,-110.0,517.0
70.0,-3.81,-110.0,516.0
70.0,-3.81,-109.0,516.0
70.0,-3.81,-109.0,516.0
70.0,-3.81,-109.0,516.0
70.0,-3.81,-109.0,516.0
70.0,-3.81,-109.0,516.0
70.0,-3.81,-109.0,516.0
70.0,-3.81,-110.0,516.0
70.0,-3.81,-109.0,516.0
70.0,-3.81,-109.0,516.0
70.0,-3.81,-109.0,516.0
70.0,-3.81,-109.0,516.0
70.0,-3.81,-109.0,516.0
70.0,-3.81,-109.0,516.0
70.0,-3.81,-109.0,516.0
70.0,-3.81,-109.0,516.0
70.0,-3.81,-109.0,516.0
70.0,-3.81,-109.0,516.0
70.0,-3.81,-109.0,516.0
70.0,-3.81,-110.0,517.0
70.0,-3.81,-109.0,516.0
70.0,-3.81,-109.0,516.0
70.0,-3.81,-110.0,516.0
70.0,-3.81,-109.0,516.0
70.0,-3.81,-110.0,516.0
70.0,-3.81,-109.0,516.0
70.0,-3.81,-109.0,516.0
70.0,-3.81,-109.0,516.0
70.0,-3.81,-109.0,516.0
70.0,-3.81,-109.0,516.0
70.0,-3.81,-109.0,516.0
70.0,-3.81,-110.0,516.0
70.0,-3.81,-109.0,516.0
70.0,-3.81,-109.0,516.0
70.0,-3.81,-109.0,516.0
70.0,-3.81,-109.0,516.0
70.0,-3.81,-109.0,516.0
70.0,-3.81,-109.0,516.0
70.0,-3.81,-109.0,516.0
70.0,-3.81,-109.0,516.0
70.0,-3.81,-109.0,516.0
70.0,-3.81,-109.0,516.0
70.0,-3.81,-109.0,516.0
70.0,-3.81,-109.0,516.0
70.0,-3.81,-109.0,516.0
70.0,-3.81,-109.0,516.0
70.0,-3.81,-109.0,516.0
70.0,-3.81,-109.0,516.0
70.0,-3.81,-109.0,516.0
70.0,-3.81,-109.0,516.0
70.0,-3.81,-109.0,517.0
70.0,-3.81,-109.0,516.0
70.0,-3.81,-109.0,516.0
70.0,-3.81,-110.0,516.0
70.0,-3.81,-109.0,516.0
70.0,-3.81,-109.0,516.0
70.0,-3.81,-109.0,516.0
70.0,-3.81,-109.0,516.0
70.0,-3.81,-109.0,516.0
70.0,-3.81,-109.0,516.0
70.0,-3.81,-109.0,516.0
70.0,-3.81,-109.0,516.0
70.0,-3.81,-109.0,516.0
70.0,-3.81,-109.0,516.0
70.0,-3.81,-109.0,516.0
70.0,-3.81,-109.0,516.0
70.0,-3.81,-109.0,516.0
70.0,-3.81,-109.0,516.0
70.0,-3.81,-109.0,516.0
70.0,-3.81,-110.0,516.0
70.0,-3.81,-109.0,516.0
70.0,-3.81,-109.0,516.0
70.0,-3.81,-109.0,516.0
70.0,-3.81,-109.0,517.0
70.0,-3.81,-109.0,516.0
70.0,-3.81,-109.0,516.0
70.0,-3.81,-109.0,516.0
70.0,-3.81,-109.0,516.0
70.0,-3.81,-109.0,516.0
70.0,-3.81,-109.0,516.0
60.0,-16.5,-115.0,477.0
60.0,-16.5,-115.0,477.0
60.0,-16.5,-115.0,478.0
60.0,-16.5,-115.0,478.0
60.0,-16.5,-115.0,478.0
60.0,-16.5,-115.0,477.0
60.0,-16.5,-115.0,477.0
60.0,-16.5,-115.0,478.0
60.0,-16.5,-115.0,477.0
60.0,-16.5,-115.0,477.0
60.0,-16.5,-115.0,478.0
60.0,-16.5,-115.0,478.0
60.0,-16.5,-115.0,477.0
60.0,-16.5,-115.0,478.0
60.0,-16.5,-115.0,478.0
60.0,-16.5,-115.0,478.0
60.0,-16.5,-115.0,478.0
60.0,-16.5,-115.0,477.0
60.0,-16.5,-115.0,477.0
60.0,-16.5,-115.0,477.0
60.0,-16.5,-115.0,478.0
60.0,-16.5,-115.0,478.0
60.0,-16.5,-115.0,477.0
60.0,-16.5,-115.0,478.0
60.0,-16.5,-115.0,478.0
60.0,-16.5,-115.0,477.0
60.0,-16.5,-115.0,477.0
60.0,-16.5,-115.0,478.0
60.0,-16.5,-115.0,477.0
60.0,-16.5,-115.0,477.0
60.0,-16.5,-115.0,477.0
60.0,-16.5,-115.0,477.0
60.0,-16.5,-115.0,478.0
60.0,-16.5,-115.0,477.0
60.0,-16.5,-115.0,477.0
60.0,-16.5,-115.0,478.0
60.0,-16.5,-115.0,477.0
60.0,-16.5,-115.0,477.0
60.0,-16.5,-115.0,478.0
60.0,-16.5,-115.0,477.0
60.0,-16.5,-115.0,477.0
60.0,-16.5,-115.0,478.0
60.0,-16.5,-115.0,478.0
60.0,-16.5,-115.0,478.0
60.0,-16.5,-115.0,477.0
60.0,-16.5,-115.0,477.0
60.0,-16.5,-115.0,477.0
60.0,-16.5,-115.0,477.0
60.0,-16.5,-115.0,477.0
60.0,-16.5,-115.0,477.0
50.0,-30.87,-122.0,432.0
50.0,-30.87,-122.0,432.0
50.0,-30.87,-122.0,432.0
50.0,-30.87,-122.0,432.0
50.0,-30.87,-122.0,432.0
50.0,-30.87,-122.0,432.0
50.0,-30.87,-122.0,432.0
50.0,-30.87,-122.0,432.0
50.0,-30.87,-122.0,432.0
50.0,-30.87,-122.0,433.0
50.0,-30.87,-122.0,432.0
50.0,-30.87,-122.0,433.0
50.0,-30.87,-122.0,432.0
50.0,-30.87,-122.0,432.0
50.0,-30.87,-122.0,433.0
50.0,-30.87,-122.0,432.0
50.0,-30.87,-122.0,432.0
50.0,-30.87,-122.0,432.0
50.0,-30.87,-122.0,432.0
50.0,-30.87,-122.0,432.0
50.0,-30.87,-122.0,433.0
50.0,-30.87,-122.0,432.0
50.0,-30.87,-122.0,432.0
50.0,-30.87,-122.0,433.0
50.0,-30.87,-122.0,432.0
50.0,-30.87,-122.0,432.0
50.0,-30.87,-122.0,432.0
50.0,-30.87,-122.0,433.0
50.0,-30.87,-122.0,432.0
50.0,-30.87,-122.0,432.0
50.0,-30.87,-122.0,432.0
50.0,-30.87,-122.0,433.0
50.0,-30.87,-122.0,432.0
50.0,-30.87,-122.0,433.0
50.0,-30.87,-122.0,432.0
50.0,-30.87,-122.0,432.0
50.0,-30.87,-122.0,432.0
50.0,-30.87,-122.0,433.0
50.0,-30.87,-122.0,432.0
50.0,-30.87,-122.0,433.0
50.0,-30.87,-122.0,432.0
50.0,-30.87,-122.0,432.0
50.0,-30.87,-122.0,432.0
50.0,-30.87,-122.0,432.0
50.0,-30.87,-122.0,432.0
50.0,-30.87,-122.0,432.0
50.0,-30.87,-122.0,433.0
50.0,-30.87,-122.0,432.0
50.0,-30.87,-122.0,432.0
50.0,-30.87,-122.0,432.0
40.0,-45.81,-131.0,384.0
40.0,-45.81,-130.0,384.0
40.0,-45.81,-131.0,385.0
40.0,-45.81,-131.0,384.0
40.0,-45.81,-130.0,384.0
40.0,-45.81,-130.0,384.0
40.0,-45.81,-130.0,385.0
40.0,-45.81,-130.0,385.0
40.0,-45.81,-131.0,384.0
40.0,-45.81,-130.0,384.0
40.0,-45.81,-131.0,384.0
40.0,-45.81,-130.0,384.0
40.0,-45.81,-130.0,384.0
40.0,-45.81,-130.0,384.0
40.0,-45.81,-131.0,384.0
40.0,-45.81,-131.0,385.0
40.0,-45.81,-130.0,384.0
40.0,-45.81,-130.0,384.0
40.0,-45.81,-130.0,384.0
40.0,-45.81,-130.0,384.0
40.0,-45.81,-130.0,384.0
40.0,-45.81,-130.0,385.0
40.0,-45.81,-130.0,384.0
40.0,-45.81,-130.0,385.0
40.0,-45.81,-130.0,385.0
40.0,-45.81,-130.0,385.0
40.0,-45.81,-130.0,385.0
40.0,-45.81,-130.0,384.0
40.0,-45.81,-130.0,384.0
40.0,-45.81,-130.0,384.0
40.0,-45.81,-130.0,385.0
40.0,-45.81,-130.0,384.0
40.0,-45.81,-130.0,384.0
40.0,-45.81,-131.0,385.0
40.0,-45.81,-130.0,384.0
40.0,-45.81,-130.0,385.0
40.0,-45.81,-130.0,384.0
40.0,-45.81,-130.0,384.0
40.0,-45.81,-130.0,384.0
40.0,-45.81,-130.0,385.0
40.0,-45.81,-130.0,384.0
40.0,-45.81,-130.0,384.0
40.0,-45.81,-130.0,384.0
40.0,-45.81,-130.0,384.0
40.0,-45.81,-130.0,384.0
40.0,-45.81,-130.0,385.0
40.0,-45.81,-130.0,384.0
40.0,-45.81,-130.0,384.0
40.0,-45.81,-130.0,384.0
40.0,-45.81,-130.0,384.0
30.0,-60.5,-139.0,336.0
30.0,-60.5,-139.0,336.0
30.0,-60.44,-139.0,336.0
30.0,-60.38,-139.0,336.0
30.0,-60.38,-139.0,335.0
30.0,-60.38,-139.0,336.0
30.0,-60.38,-139.0,336.0
30.0,-60.38,-139.0,336.0
30.0,-60.38,-139.0,336.0
30.0,-60.38,-139.0,336.0
30.0,-60.38,-139.0,335.0
30.0,-60.38,-139.0,336.0
30.0,-60.38,-139.0,335.0
30.0,-60.38,-139.0,336.0
30.0,-60.38,-139.0,336.0
30.0,-60.38,-139.0,336.0
30.0,-60.38,-139.0,336.0
30.0,-60.38,-139.0,336.0
30.0,-60.38,-139.0,335.0
30.0,-60.38,-139.0,336.0
30.0,-60.38,-139.0,336.0
30.0,-60.38,-139.0,336.0
30.0,-60.38,-138.0,336.0
30.0,-60.38,-139.0,335.0
30.0,-60.38,-139.0,336.0
30.0,-60.38,-139.0,336.0
30.0,-60.38,-139.0,336.0
30.0,-60.38,-139.0,336.0
30.0,-60.38,-139.0,336.0
30.0,-60.38,-139.0,336.0
30.0,-60.38,-139.0,336.0
30.0,-60.38,-139.0,336.0
30.0,-60.38,-139.0,336.0
30.0,-60.38,-139.0,335.0
30.0,-60.38,-139.0,336.0
30.0,-60.38,-139.0,336.0
30.0,-60.38,-139.0,336.0
30.0,-60.38,-139.0,336.0
30.0,-60.38,-139.0,336.0
30.0,-60.38,-139.0,336.0
30.0,-60.38,-139.0,336.0
30.0,-60.38,-139.0,335.0
30.0,-60.38,-139.0,336.0
30.0,-60.38,-139.0,336.0
30.0,-60.38,-139.0,336.0
30.0,-60.38,-139.0,336.0
30.0,-60.38,-139.0,335.0
30.0,-60.38,-139.0,335.0
30.0,-60.38,-139.0,335.0
30.0,-60.38,-139.0,336.0
20.0,-73.87,-148.0,289.0
20.0,-73.87,-148.0,289.0
20.0,-73.81,-148.0,289.0
20.0,-73.81,-148.0,289.0
20.0,-73.81,-148.0,289.0
20.0,-73.81,-148.0,289.0
20.0,-73.81,-148.0,289.0
20.0,-73.81,-148.0,289.0
20.0,-73.81,-148.0,289.0
20.0,-73.81,-148.0,289.0
20.0,-73.81,-148.0,289.0
20.0,-73.81,-148.0,289.0
20.0,-73.81,-148.0,289.0
20.0,-73.81,-148.0,289.0
20.0,-73.81,-148.0,289.0
20.0,-73.81,-148.0,289.0
20.0,-73.81,-148.0,289.0
20.0,-73.81,-148.0,289.0
20.0,-73.81,-148.0,290.0
20.0,-73.81,-149.0,289.0
20.0,-73.81,-148.0,289.0
20.0,-73.81,-148.0,289.0
20.0,-73.81,-148.0,289.0
20.0,-73.81,-148.0,289.0
20.0,-73.81,-148.0,289.0
20.0,-73.81,-148.0,289.0
20.0,-73.81,-149.0,289.0
20.0,-73.81,-148.0,289.0
20.0,-73.81,-148.0,289.0
20.0,-73.81,-148.0,289.0
20.0,-73.81,-148.0,289.0
20.0,-73.81,-148.0,289.0
20.0,-73.81,-148.0,289.0
20.0,-73.81,-149.0,289.0
20.0,-73.81,-149.0,289.0
20.0,-73.81,-149.0,289.0
20.0,-73.81,-149.0,290.0
20.0,-73.81,-148.0,289.0
20.0,-73.81,-149.0,289.0
20.0,-73.81,-148.0,289.0
20.0,-73.81,-149.0,289.0
20.0,-73.81,-149.0,289.0
20.0,-73.81,-149.0,289.0
20.0,-73.81,-149.0,289.0
20.0,-73.81,-149.0,289.0
20.0,-73.81,-149.0,289.0
20.0,-73.81,-149.0,289.0
20.0,-73.81,-148.0,289.0
20.0,-73.81,-149.0,289.0
20.0,-73.81,-149.0,289.0
10.0,-86.31,-158.0,245.0
10.0,-86.31,-158.0,244.0
10.0,-86.31,-158.0,244.0
10.0,-86.25,-158.0,244.0
10.0,-86.25,-158.0,244.0
10.0,-86.25,-158.0,244.0
10.0,-86.25,-158.0,244.0
10.0,-86.25,-158.0,244.0
10.0,-86.25,-158.0,244.0
10.0,-86.25,-158.0,244.0
10.0,-86.25,-158.0,243.0
10.0,-86.25,-158.0,244.0
10.0,-86.25,-158.0,245.0
10.0,-86.25,-159.0,244.0
10.0,-86.25,-158.0,244.0
10.0,-86.25,-158.0,244.0
10.0,-86.25,-159.0,244.0
10.0,-86.25,-159.0,244.0
10.0,-86.25,-159.0,244.0
10.0,-86.25,-159.0,244.0
10.0,-86.25,-159.0,244.0
10.0,-86.25,-159.0,244.0
10.0,-86.25,-159.0,244.0
10.0,-86.25,-159.0,244.0
10.0,-86.25,-159.0,244.0
10.0,-86.25,-159.0,243.0
10.0,-86.25,-159.0,245.0
10.0,-86.25,-159.0,244.0
10.0,-86.25,-159.0,244.0
10.0,-86.25,-159.0,244.0
10.0,-86.25,-159.0,243.0
10.0,-86.25,-159.0,244.0
10.0,-86.25,-159.0,244.0
10.0,-86.25,-159.0,243.0
10.0,-86.25,-159.0,243.0
10.0,-86.25,-158.0,243.0
10.0,-86.25,-158.0,244.0
10.0,-86.25,-159.0,244.0
10.0,-86.25,-159.0,244.0
10.0,-86.25,-159.0,243.0
10.0,-86.25,-159.0,244.0
10.0,-86.25,-159.0,243.0
10.0,-86.25,-159.0,244.0
10.0,-86.25,-159.0,244.0
10.0,-86.25,-159.0,244.0
10.0,-86.25,-159.0,244.0
10.0,-86.25,-159.0,244.0
10.0,-86.25,-159.0,244.0
10.0,-86.25,-159.0,243.0
10.0,-86.25,-159.0,244.0
20.0,-73.56,-149.0,288.0
20.0,-73.56,-149.0,288.0
20.0,-73.56,-149.0,288.0
20.0,-73.56,-149.0,288.0
20.0,-73.56,-149.0,288.0
20.0,-73.56,-149.0,288.0
20.0,-73.56,-149.0,288.0
20.0,-73.56,-149.0,288.0
20.0,-73.56,-149.0,288.0
20.0,-73.56,-149.0,288.0
20.0,-73.56,-149.0,288.0
20.0,-73.56,-149.0,288.0
20.0,-73.56,-149.0,288.0
20.0,-73.56,-149.0,288.0
20.0,-73.56,-149.0,288.0
20.0,-73.56,-149.0,288.0
20.0,-73.56,-149.0,288.0
20.0,-73.56,-149.0,288.0
20.0,-73.56,-149.0,288.0
20.0,-73.56,-149.0,288.0
20.0,-73.56,-149.0,288.0
20.0,-73.56,-149.0,288.0
20.0,-73.56,-149.0,288.0
20.0,-73.56,-149.0,288.0
20.0,-73.56,-149.0,288.0
20.0,-73.56,-149.0,288.0
20.0,-73.56,-149.0,288.0
20.0,-73.56,-149.0,288.0
20.0,-73.56,-149.0,288.0
20.0,-73.56,-149.0,288.0
20.0,-73.56,-149.0,288.0
20.0,-73.56,-149.0,288.0
20.0,-73.56,-149.0,287.0
20.0,-73.56,-149.0,288.0
20.0,-73.56,-149.0,288.0
20.0,-73.56,-149.0,287.0
20.0,-73.56,-149.0,288.0
20.0,-73.56,-149.0,288.0
20.0,-73.56,-149.0,288.0
20.0,-73.56,-149.0,288.0
20.0,-73.56,-149.0,288.0
20.0,-73.56,-149.0,288.0
20.0,-73.56,-149.0,288.0
20.0,-73.56,-149.0,288.0
20.0,-73.56,-149.0,287.0
20.0,-73.56,-149.0,288.0
20.0,-73.56,-149.0,288.0
20.0,-73.56,-149.0,288.0
20.0,-73.56,-149.0,288.0
20.0,-73.56,-149.0,288.0
30.0,-60.25,-140.0,333.0
30.0,-60.25,-140.0,333.0
30.0,-60.25,-140.0,333.0
30.0,-60.25,-140.0,333.0
30.0,-60.25,-140.0,334.0
30.0,-60.25,-140.0,333.0
30.0,-60.25,-140.0,333.0
30.0,-60.25,-140.0,333.0
30.0,-60.25,-140.0,333.0
30.0,-60.25,-140.0,333.0
30.0,-60.25,-140.0,333.0
30.0,-60.25,-140.0,333.0
30.0,-60.25,-140.0,333.0
30.0,-60.25,-140.0,334.0
30.0,-60.25,-140.0,334.0
30.0,-60.25,-140.0,333.0
30.0,-60.25,-140.0,334.0
30.0,-60.25,-140.0,333.0
30.0,-60.25,-140.0,333.0
30.0,-60.25,-139.0,333.0
30.0,-60.25,-140.0,333.0
30.0,-60.25,-140.0,333.0
30.0,-60.25,-140.0,333.0
30.0,-60.25,-140.0,333.0
30.0,-60.25,-140.0,333.0
30.0,-60.25,-140.0,334.0
30.0,-60.25,-139.0,333.0
30.0,-60.25,-140.0,334.0
30.0,-60.25,-140.0,333.0
30.0,-60.25,-140.0,334.0
30.0,-60.25,-140.0,333.0
30.0,-60.25,-140.0,333.0
30.0,-60.25,-140.0,333.0
30.0,-60.25,-140.0,334.0
30.0,-60.25,-140.0,333.0
30.0,-60.25,-140.0,333.0
30.0,-60.25,-140.0,333.0
30.0,-60.25,-139.0,333.0
30.0,-60.25,-140.0,333.0
30.0,-60.25,-140.0,333.0
30.0,-60.25,-140.0,333.0
30.0,-60.25,-140.0,334.0
30.0,-60.25,-140.0,334.0
30.0,-60.13,-139.0,333.0
30.0,-60.13,-140.0,334.0
30.0,-60.13,-140.0,334.0
30.0,-60.13,-140.0,333.0
30.0,-60.13,-139.0,334.0
30.0,-60.13,-140.0,334.0
30.0,-60.13,-140.0,334.0
40.0,-45.69,-130.0,380.0
40.0,-45.69,-131.0,381.0
40.0,-45.69,-131.0,380.0
40.0,-45.69,-130.0,381.0
40.0,-45.69,-131.0,381.0
40.0,-45.69,-131.0,381.0
40.0,-45.69,-131.0,381.0
40.0,-45.69,-131.0,381.0
40.0,-45.69,-131.0,381.0
40.0,-45.69,-131.0,381.0
40.0,-45.69,-131.0,380.0
40.0,-45.69,-131.0,381.0
40.0,-45.69,-131.0,381.0
40.0,-45.69,-131.0,381.0
40.0,-45.69,-131.0,381.0
40.0,-45.69,-131.0,381.0
40.0,-45.69,-131.0,381.0
40.0,-45.69,-131.0,381.0
40.0,-45.69,-131.0,380.0
40.0,-45.69,-131.0,381.0
40.0,-45.69,-131.0,381.0
40.0,-45.69,-131.0,381.0
40.0,-45.69,-131.0,381.0
40.0,-45.69,-131.0,381.0
40.0,-45.69,-131.0,380.0
40.0,-45.69,-131.0,381.0
40.0,-45.69,-130.0,381.0
40.0,-45.69,-131.0,381.0
40.0,-45.69,-131.0,381.0
40.0,-45.69,-131.0,381.0
40.0,-45.69,-131.0,381.0
40.0,-45.69,-131.0,381.0
40.0,-45.69,-131.0,381.0
40.0,-45.69,-131.0,381.0
40.0,-45.69,-131.0,381.0
40.0,-45.69,-131.0,381.0
40.0,-45.69,-131.0,381.0
40.0,-45.69,-131.0,381.0
40.0,-45.69,-131.0,381.0
40.0,-45.69,-131.0,381.0
40.0,-45.69,-131.0,381.0
40.0,-45.69,-131.0,381.0
40.0,-45.69,-131.0,381.0
40.0,-45.69,-131.0,380.0
40.0,-45.69,-131.0,381.0
40.0,-45.69,-131.0,381.0
40.0,-45.69,-131.0,381.0
40.0,-45.69,-130.0,381.0
40.0,-45.69,-131.0,381.0
40.0,-45.69,-131.0,381.0
50.0,-31.25,-123.0,428.0
50.0,-31.25,-123.0,428.0
50.0,-31.25,-123.0,427.0
50.0,-31.25,-123.0,428.0
50.0,-31.25,-123.0,428.0
50.0,-31.25,-123.0,428.0
50.0,-31.25,-123.0,427.0
50.0,-31.25,-123.0,428.0
50.0,-31.25,-123.0,428.0
50.0,-31.25,-123.0,427.0
50.0,-31.25,-123.0,427.0
50.0,-31.25,-123.0,428.0
50.0,-31.25,-123.0,428.0
50.0,-31.25,-123.0,428.0
50.0,-31.25,-123.0,427.0
50.0,-31.25,-123.0,427.0
50.0,-31.25,-123.0,427.0
50.0,-31.25,-123.0,427.0
50.0,-31.25,-123.0,428.0
50.0,-31.25,-123.0,428.0
50.0,-31.25,-123.0,427.0
50.0,-31.25,-123.0,427.0
50.0,-31.25,-123.0,428.0
50.0,-31.25,-123.0,427.0
50.0,-31.25,-123.0,427.0
50.0,-31.25,-123.0,427.0
50.0,-31.25,-123.0,428.0
50.0,-31.25,-123.0,427.0
50.0,-31.25,-123.0,427.0
50.0,-31.25,-123.0,427.0
50.0,-31.25,-123.0,427.0
50.0,-31.25,-123.0,427.0
50.0,-31.25,-123.0,427.0
50.0,-31.25,-123.0,428.0
50.0,-31.25,-123.0,428.0
50.0,-31.25,-123.0,427.0
50.0,-31.25,-123.0,427.0
50.0,-31.25,-123.0,427.0
50.0,-31.25,-123.0,428.0
50.0,-31.25,-123.0,427.0
50.0,-31.25,-123.0,428.0
50.0,-31.25,-123.0,427.0
50.0,-31.25,-123.0,427.0
50.0,-31.25,-123.0,428.0
50.0,-31.25,-123.0,427.0
50.0,-31.25,-123.0,427.0
50.0,-31.25,-123.0,428.0
50.0,-31.25,-123.0,427.0
50.0,-31.25,-123.0,427.0
50.0,-31.25,-123.0,428.0
60.0,-16.87,-115.0,473.0
60.0,-16.94,-115.0,474.0
60.0,-17.0,-115.0,473.0
60.0,-17.06,-115.0,474.0
60.0,-17.06,-115.0,473.0
60.0,-17.12,-115.0,473.0
60.0,-17.12,-115.0,474.0
60.0,-17.12,-115.0,474.0
60.0,-17.12,-115.0,474.0
60.0,-17.12,-115.0,474.0
60.0,-17.12,-115.0,474.0
60.0,-17.12,-115.0,474.0
60.0,-17.12,-115.0,473.0
60.0,-17.12,-115.0,473.0
60.0,-17.12,-115.0,474.0
60.0,-17.12,-115.0,474.0
60.0,-17.12,-115.0,474.0
60.0,-17.12,-115.0,474.0
60.0,-17.12,-115.0,474.0
60.0,-17.12,-115.0,474.0
60.0,-17.12,-115.0,474.0
60.0,-17.12,-115.0,474.0
60.0,-17.12,-115.0,474.0
60.0,-17.12,-115.0,473.0
60.0,-17.12,-115.0,474.0
60.0,-17.12,-115.0,474.0
60.0,-17.12,-115.0,474.0
60.0,-17.12,-115.0,473.0
60.0,-17.12,-115.0,474.0
60.0,-17.12,-115.0,474.0
60.0,-17.12,-115.0,474.0
60.0,-17.12,-115.0,474.0
60.0,-17.12,-115.0,474.0
60.0,-17.12,-115.0,474.0
60.0,-17.12,-115.0,474.0
60.0,-17.12,-115.0,474.0
60.0,-17.12,-115.0,474.0
60.0,-17.12,-115.0,474.0
60.0,-17.12,-115.0,474.0
60.0,-17.12,-115.0,474.0
60.0,-17.12,-115.0,474.0
60.0,-17.12,-115.0,474.0
60.0,-17.12,-115.0,474.0
60.0,-17.12,-115.0,474.0
60.0,-17.12,-115.0,474.0
60.0,-17.12,-115.0,474.0
60.0,-17.12,-115.0,474.0
60.0,-17.12,-115.0,474.0
60.0,-17.12,-115.0,474.0
60.0,-17.12,-115.0,474.0
70.0,-3.63,-109.0,515.0
70.0,-3.63,-109.0,515.0
70.0,-3.63,-110.0,515.0
70.0,-3.63,-109.0,515.0
70.0,-3.63,-109.0,515.0
70.0,-3.63,-109.0,515.0
70.0,-3.63,-109.0,515.0
70.0,-3.63,-109.0,516.0
70.0,-3.5,-109.0,516.0
70.0,-3.56,-109.0,516.0
70.0,-3.63,-109.0,516.0
70.0,-3.69,-109.0,516.0
70.0,-3.75,-109.0,516.0
70.0,-3.75,-109.0,516.0
70.0,-3.81,-109.0,516.0
70.0,-3.81,-109.0,516.0
70.0,-3.81,-109.0,516.0
70.0,-3.81,-109.0,516.0
70.0,-3.81,-109.0,516.0
70.0,-3.81,-109.0,516.0
70.0,-3.81,-109.0,516.0
70.0,-3.81,-109.0,516.0
70.0,-3.81,-109.0,516.0
70.0,-3.81,-109.0,520.0
70.0,-2.44,-109.0,520.0
70.0,-2.44,-109.0,520.0
70.0,-2.44,-109.0,521.0
70.0,-2.44,-109.0,520.0
70.0,-2.44,-110.0,520.0
70.0,-2.44,-109.0,520.0
70.0,-2.44,-109.0,520.0
70.0,-2.44,-109.0,520.0
70.0,-2.44,-109.0,520.0
70.0,-2.44,-109.0,520.0
70.0,-2.44,-109.0,520.0
70.0,-2.44,-109.0,520.0
70.0,-2.44,-109.0,520.0
70.0,-2.44,-109.0,520.0
70.0,-2.44,-109.0,520.0
70.0,-2.44,-109.0,520.0
70.0,-2.44,-109.0,520.0
70.0,-2.44,-109.0,521.0
70.0,-2.44,-109.0,521.0
70.0,-2.44,-109.0,520.0
70.0,-2.44,-109.0,520.0
70.0,-2.44,-109.0,520.0
70.0,-2.44,-109.0,520.0
70.0,-2.44,-109.0,520.0
70.0,-2.44,-109.0,520.0
70.0,-2.44,-109.0,520.0
70.0,-2.44,-109.0,520.0
70.0,-2.44,-109.0,520.0
70.0,-2.44,-109.0,521.0
70.0,-2.44,-109.0,520.0
70.0,-2.44,-109.0,520.0
70.0,-2.44,-109.0,520.0
70.0,-2.44,-109.0,520.0
70.0,-2.44,-109.0,521.0
70.0,-2.44,-109.0,520.0
70.0,-2.44,-109.0,520.0
70.0,-2.44,-109.0,520.0
70.0,-2.44,-109.0,521.0
70.0,-2.44,-109.0,520.0
70.0,-2.44,-109.0,520.0
70.0,-2.44,-109.0,520.0
70.0,-2.44,-109.0,520.0
70.0,-2.44,-109.0,520.0
70.0,-2.44,-109.0,521.0
70.0,-2.44,-109.0,520.0
70.0,-2.44,-109.0,520.0
70.0,-2.44,-109.0,520.0
70.0,-2.44,-109.0,520.0
70.0,-2.44,-109.0,520.0
70.0,-2.44,-109.0,520.0
70.0,-2.44,-109.0,520.0
70.0,-2.44,-109.0,520.0
70.0,-2.44,-109.0,520.0
70.0,-2.44,-109.0,520.0
70.0,-2.44,-109.0,520.0
70.0,-2.44,-109.0,520.0
70.0,-2.44,-109.0,520.0
70.0,-2.44,-109.0,521.0
70.0,-2.44,-109.0,521.0
70.0,-2.44,-109.0,520.0
70.0,-2.44,-109.0,520.0
70.0,-2.44,-109.0,520.0
70.0,-2.44,-109.0,520.0
70.0,-2.44,-109.0,520.0
70.0,-2.44,-109.0,520.0
70.0,-2.44,-109.0,520.0
70.0,-2.44,-109.0,520.0
70.0,-2.44,-109.0,520.0
70.0,-2.44,-109.0,520.0
70.0,-2.44,-109.0,520.0
70.0,-2.44,-109.0,520.0
70.0,-2.44,-109.0,521.0
70.0,-2.44,-109.0,520.0
70.0,-2.44,-109.0,521.0
70.0,-2.44,-109.0,521.0
70.0,-2.44,-109.0,520.0
60.0,-16.25,-115.0,478.0
60.0,-16.25,-115.0,477.0
60.0,-16.25,-115.0,478.0
60.0,-16.25,-115.0,478.0
60.0,-16.25,-115.0,478.0
60.0,-16.25,-115.0,478.0
60.0,-16.25,-115.0,477.0
60.0,-16.25,-115.0,478.0
60.0,-16.25,-115.0,478.0
60.0,-16.25,-115.0,477.0
60.0,-16.25,-115.0,478.0
60.0,-16.25,-115.0,478.0
60.0,-16.25,-115.0,477.0
60.0,-16.25,-115.0,477.0
60.0,-16.25,-115.0,478.0
60.0,-16.25,-115.0,477.0
60.0,-16.25,-115.0,478.0
60.0,-16.25,-115.0,477.0
60.0,-16.25,-115.0,478.0
60.0,-16.25,-115.0,477.0
60.0,-16.25,-115.0,478.0
60.0,-16.25,-115.0,478.0
60.0,-16.25,-115.0,477.0
60.0,-16.25,-115.0,478.0
60.0,-16.25,-115.0,478.0
60.0,-16.25,-115.0,478.0
60.0,-16.25,-115.0,478.0
60.0,-16.25,-115.0,477.0
60.0,-16.25,-115.0,477.0
60.0,-16.25,-115.0,478.0
60.0,-16.25,-115.0,478.0
60.0,-16.25,-115.0,478.0
60.0,-16.25,-115.0,478.0
60.0,-16.25,-115.0,478.0
60.0,-16.25,-115.0,478.0
60.0,-16.25,-115.0,478.0
60.0,-16.25,-115.0,478.0
60.0,-16.25,-115.0,478.0
60.0,-16.25,-115.0,478.0
60.0,-16.25,-115.0,478.0
60.0,-16.25,-115.0,478.0
60.0,-16.25,-115.0,478.0
60.0,-16.25,-115.0,478.0
60.0,-16.25,-115.0,478.0
60.0,-16.25,-115.0,478.0
60.0,-16.25,-115.0,478.0
60.0,-16.25,-115.0,478.0
60.0,-16.25,-115.0,478.0
60.0,-16.25,-115.0,477.0
60.0,-16.25,-115.0,477.0
50.0,-30.37,-122.0,434.0
50.0,-30.37,-122.0,434.0
50.0,-30.37,-122.0,434.0
50.0,-30.37,-122.0,434.0
50.0,-30.37,-122.0,434.0
50.0,-30.37,-122.0,434.0
50.0,-30.37,-122.0,434.0
50.0,-30.37,-122.0,434.0
50.0,-30.37,-122.0,434.0
50.0,-30.37,-122.0,434.0
50.0,-30.37,-122.0,433.0
50.0,-30.37,-122.0,434.0
50.0,-30.37,-122.0,434.0
50.0,-30.37,-122.0,433.0
50.0,-30.37,-122.0,434.0
50.0,-30.37,-122.0,434.0
50.0,-30.37,-122.0,434.0
50.0,-30.37,-122.0,434.0
50.0,-30.37,-122.0,434.0
50.0,-30.37,-122.0,434.0
50.0,-30.37,-122.0,434.0
50.0,-30.37,-122.0,434.0
50.0,-30.37,-122.0,433.0
50.0,-30.37,-122.0,433.0
50.0,-30.37,-122.0,434.0
50.0,-30.37,-122.0,433.0
50.0,-30.37,-122.0,433.0
50.0,-30.37,-122.0,434.0
50.0,-30.37,-122.0,433.0
50.0,-30.37,-122.0,434.0
50.0,-30.37,-122.0,433.0
50.0,-30.37,-122.0,433.0
50.0,-30.37,-122.0,434.0
50.0,-30.37,-122.0,434.0
50.0,-30.37,-122.0,434.0
50.0,-30.37,-122.0,433.0
50.0,-30.37,-122.0,433.0
50.0,-30.37,-122.0,433.0
50.0,-30.37,-122.0,433.0
50.0,-30.37,-122.0,434.0
50.0,-30.37,-122.0,434.0
50.0,-30.37,-122.0,433.0
50.0,-30.37,-122.0,434.0
50.0,-30.37,-122.0,434.0
50.0,-30.37,-122.0,434.0
50.0,-30.37,-122.0,433.0
50.0,-30.37,-122.0,433.0
50.0,-30.37,-122.0,434.0
50.0,-30.37,-122.0,434.0
50.0,-30.37,-122.0,434.0
40.0,-45.38,-130.0,385.0
40.0,-45.38,-130.0,385.0
40.0,-45.38,-130.0,385.0
40.0,-45.38,-130.0,386.0
40.0,-45.38,-130.0,386.0
40.0,-45.38,-130.0,386.0
40.0,-45.38,-130.0,385.0
40.0,-45.38,-130.0,386.0
40.0,-45.38,-130.0,386.0
40.0,-45.38,-130.0,386.0
40.0,-45.38,-130.0,385.0
40.0,-45.38,-130.0,386.0
40.0,-45.38,-130.0,385.0
40.0,-45.38,-130.0,386.0
40.0,-45.38,-130.0,386.0
40.0,-45.38,-130.0,385.0
40.0,-45.38,-130.0,386.0
40.0,-45.38,-130.0,385.0
40.0,-45.38,-130.0,386.0
40.0,-45.38,-130.0,386.0
40.0,-45.38,-130.0,385.0
40.0,-45.38,-130.0,386.0
40.0,-45.38,-130.0,385.0
40.0,-45.38,-130.0,386.0
40.0,-45.38,-130.0,386.0
40.0,-45.38,-130.0,385.0
40.0,-45.38,-130.0,386.0
40.0,-45.38,-130.0,386.0
40.0,-45.38,-130.0,386.0
40.0,-45.38,-130.0,386.0
40.0,-45.38,-130.0,386.0
40.0,-45.38,-130.0,385.0
40.0,-45.38,-130.0,386.0
40.0,-45.38,-130.0,386.0
40.0,-45.38,-130.0,386.0
40.0,-45.38,-130.0,385.0
40.0,-45.38,-130.0,386.0
40.0,-45.38,-130.0,386.0
40.0,-45.38,-130.0,386.0
40.0,-45.38,-130.0,385.0
40.0,-45.38,-130.0,386.0
40.0,-45.38,-130.0,385.0
40.0,-45.38,-129.0,386.0
40.0,-45.38,-130.0,385.0
40.0,-45.38,-129.0,385.0
40.0,-45.38,-130.0,386.0
40.0,-45.38,-129.0,386.0
40.0,-45.38,-130.0,385.0
40.0,-45.38,-130.0,385.0
40.0,-45.38,-130.0,385.0
30.0,-60.25,-138.0,337.0
30.0,-60.25,-138.0,337.0
30.0,-60.25,-139.0,337.0
30.0,-60.25,-138.0,336.0
30.0,-60.25,-139.0,337.0
30.0,-60.25,-138.0,337.0
30.0,-60.25,-139.0,337.0
30.0,-60.25,-139.0,337.0
30.0,-60.25,-139.0,337.0
30.0,-60.25,-138.0,337.0
30.0,-60.25,-139.0,337.0
30.0,-60.25,-138.0,337.0
30.0,-60.25,-138.0,337.0
30.0,-60.25,-138.0,337.0
30.0,-60.25,-139.0,337.0
30.0,-60.25,-139.0,337.0
30.0,-60.25,-138.0,336.0
30.0,-60.25,-139.0,337.0
30.0,-60.25,-138.0,337.0
30.0,-60.25,-139.0,337.0
30.0,-60.25,-138.0,337.0
30.0,-60.25,-138.0,341.0
30.0,-58.88,-138.0,338.0
30.0,-60.06,-138.0,337.0
30.0,-60.06,-138.0,337.0
30.0,-60.06,-138.0,338.0
30.0,-60.06,-138.0,337.0
30.0,-60.06,-138.0,338.0
30.0,-60.06,-138.0,338.0
30.0,-60.06,-138.0,338.0
30.0,-60.06,-138.0,338.0
30.0,-60.06,-138.0,337.0
30.0,-60.06,-138.0,337.0
30.0,-60.06,-138.0,337.0
30.0,-60.06,-138.0,337.0
30.0,-60.06,-138.0,339.0
30.0,-59.44,-138.0,340.0
30.0,-59.44,-138.0,339.0
30.0,-59.44,-138.0,339.0
30.0,-59.44,-138.0,339.0
30.0,-59.44,-138.0,340.0
30.0,-59.44,-138.0,340.0
30.0,-59.44,-138.0,340.0
30.0,-59.44,-138.0,340.0
30.0,-59.44,-138.0,339.0
30.0,-59.44,-138.0,340.0
30.0,-59.44,-138.0,339.0
30.0,-59.44,-138.0,340.0
30.0,-59.44,-138.0,340.0
30.0,-59.44,-138.0,339.0
20.0,-74.25,-148.0,290.0
20.0,-74.19,-148.0,290.0
20.0,-74.19,-148.0,289.0
20.0,-74.12,-148.0,290.0
20.0,-74.12,-148.0,289.0
20.0,-74.12,-148.0,290.0
20.0,-74.12,-148.0,290.0
20.0,-74.12,-148.0,290.0
20.0,-74.12,-148.0,290.0
20.0,-74.12,-148.0,290.0
20.0,-74.12,-148.0,290.0
20.0,-74.12,-148.0,290.0
20.0,-74.12,-148.0,290.0
20.0,-74.12,-148.0,294.0
20.0,-73.19,-147.0,290.0
20.0,-74.06,-148.0,290.0
20.0,-74.06,-148.0,290.0
20.0,-74.06,-148.0,290.0
20.0,-74.06,-148.0,290.0
20.0,-74.06,-148.0,290.0
20.0,-74.06,-148.0,289.0
20.0,-74.06,-148.0,290.0
20.0,-74.0,-147.0,290.0
20.0,-74.0,-148.0,290.0
20.0,-74.0,-148.0,290.0
20.0,-74.0,-148.0,290.0
20.0,-74.0,-148.0,290.0
20.0,-74.0,-148.0,290.0
20.0,-74.0,-148.0,289.0
20.0,-74.0,-148.0,290.0
20.0,-74.0,-148.0,290.0
20.0,-74.0,-148.0,290.0
20.0,-74.0,-148.0,290.0
20.0,-74.0,-148.0,290.0
20.0,-74.0,-148.0,290.0
20.0,-74.0,-147.0,290.0
20.0,-74.0,-148.0,290.0
20.0,-74.0,-148.0,290.0
20.0,-74.0,-148.0,290.0
20.0,-74.0,-148.0,290.0
20.0,-74.0,-148.0,290.0
20.0,-74.0,-148.0,290.0
20.0,-74.0,-148.0,290.0
20.0,-74.0,-148.0,290.0
20.0,-74.0,-148.0,290.0
20.0,-74.0,-148.0,290.0
20.0,-74.0,-147.0,290.0
20.0,-74.0,-148.0,289.0
20.0,-74.0,-148.0,290.0
20.0,-74.0,-148.0,290.0
10.0,-86.75,-158.0,244.0
10.0,-86.69,-158.0,244.0
10.0,-86.69,-158.0,244.0
10.0,-86.69,-158.0,244.0
10.0,-86.69,-158.0,244.0
10.0,-86.69,-158.0,244.0
10.0,-86.69,-158.0,243.0
10.0,-86.69,-158.0,244.0
10.0,-86.69,-158.0,244.0
10.0,-86.69,-158.0,244.0
10.0,-86.69,-158.0,244.0
10.0,-86.69,-158.0,244.0
10.0,-86.69,-158.0,244.0
10.0,-86.69,-158.0,243.0
10.0,-86.69,-158.0,244.0
10.0,-86.69,-158.0,244.0
10.0,-86.69,-158.0,244.0
10.0,-86.69,-158.0,244.0
10.0,-86.69,-158.0,243.0
10.0,-86.69,-158.0,244.0
10.0,-86.69,-158.0,244.0
10.0,-86.69,-158.0,244.0
10.0,-86.69,-158.0,244.0
10.0,-86.69,-158.0,244.0
10.0,-86.69,-158.0,244.0
10.0,-86.69,-158.0,244.0
10.0,-86.69,-158.0,243.0
10.0,-86.69,-158.0,244.0
10.0,-86.69,-158.0,244.0
10.0,-86.69,-158.0,244.0
10.0,-86.69,-158.0,244.0
10.0,-86.69,-158.0,244.0
10.0,-86.69,-158.0,244.0
10.0,-86.69,-158.0,244.0
10.0,-86.69,-158.0,244.0
10.0,-86.69,-158.0,243.0
10.0,-86.69,-158.0,243.0
10.0,-86.69,-158.0,244.0
10.0,-86.69,-158.0,244.0
10.0,-86.69,-158.0,244.0
10.0,-86.69,-158.0,244.0
10.0,-86.69,-158.0,244.0
10.0,-86.69,-158.0,244.0
10.0,-86.69,-158.0,244.0
10.0,-86.69,-158.0,244.0
10.0,-86.69,-158.0,244.0
10.0,-86.69,-158.0,243.0
10.0,-86.69,-158.0,244.0
10.0,-86.69,-158.0,243.0
10.0,-86.69,-158.0,244.0
20.0,-74.0,-149.0,288.0
20.0,-74.0,-149.0,288.0
20.0,-74.0,-149.0,288.0
20.0,-74.0,-149.0,288.0
20.0,-74.0,-149.0,288.0
20.0,-74.0,-149.0,288.0
20.0,-74.0,-149.0,288.0
20.0,-74.0,-149.0,288.0
20.0,-74.0,-149.0,288.0
20.0,-74.0,-148.0,288.0
20.0,-74.0,-149.0,288.0
20.0,-74.0,-149.0,288.0
20.0,-74.0,-149.0,288.0
20.0,-74.0,-149.0,288.0
20.0,-74.0,-149.0,288.0
20.0,-74.0,-149.0,288.0
20.0,-74.0,-149.0,288.0
20.0,-74.0,-149.0,287.0
20.0,-74.0,-148.0,288.0
20.0,-74.0,-149.0,288.0
20.0,-74.0,-149.0,288.0
20.0,-74.0,-149.0,288.0
20.0,-74.0,-149.0,288.0
20.0,-74.0,-149.0,288.0
20.0,-74.0,-149.0,288.0
20.0,-74.0,-149.0,288.0
20.0,-74.0,-149.0,288.0
20.0,-74.0,-149.0,288.0
20.0,-74.0,-149.0,287.0
20.0,-74.0,-149.0,288.0
20.0,-74.0,-149.0,288.0
20.0,-74.0,-149.0,288.0
20.0,-74.0,-149.0,288.0
20.0,-74.0,-149.0,288.0
20.0,-74.0,-149.0,287.0
20.0,-74.0,-149.0,288.0
20.0,-74.0,-149.0,288.0
20.0,-74.0,-149.0,287.0
20.0,-74.0,-148.0,288.0
20.0,-74.0,-148.0,288.0
20.0,-74.0,-149.0,287.0
20.0,-74.0,-149.0,288.0
20.0,-74.0,-149.0,288.0
20.0,-74.0,-149.0,288.0
20.0,-74.0,-149.0,288.0
20.0,-74.0,-149.0,288.0
20.0,-74.0,-149.0,288.0
20.0,-74.0,-149.0,288.0
20.0,-74.0,-149.0,288.0
20.0,-74.0,-149.0,288.0
30.0,-60.13,-139.0,334.0
30.0,-60.13,-139.0,333.0
30.0,-60.13,-139.0,334.0
30.0,-60.13,-139.0,334.0
30.0,-60.13,-139.0,334.0
30.0,-60.13,-139.0,334.0
30.0,-60.13,-139.0,334.0
30.0,-60.13,-139.0,334.0
30.0,-60.13,-139.0,334.0
30.0,-60.13,-139.0,334.0
30.0,-60.13,-139.0,334.0
30.0,-60.13,-139.0,334.0
30.0,-60.13,-139.0,334.0
30.0,-60.13,-139.0,334.0
30.0,-60.13,-139.0,333.0
30.0,-60.13,-139.0,334.0
30.0,-60.13,-139.0,334.0
30.0,-60.13,-139.0,333.0
30.0,-60.13,-139.0,333.0
30.0,-60.13,-139.0,334.0
30.0,-60.13,-139.0,334.0
30.0,-60.13,-139.0,334.0
30.0,-60.13,-139.0,334.0
30.0,-60.13,-139.0,334.0
30.0,-60.13,-139.0,334.0
30.0,-60.13,-139.0,333.0
30.0,-60.13,-139.0,334.0
30.0,-60.13,-139.0,334.0
30.0,-60.13,-139.0,334.0
30.0,-60.13,-139.0,334.0
30.0,-60.13,-139.0,334.0
30.0,-60.13,-139.0,334.0
30.0,-60.13,-139.0,334.0
30.0,-60.13,-139.0,334.0
30.0,-60.13,-139.0,333.0
30.0,-60.13,-138.0,334.0
30.0,-60.13,-139.0,334.0
30.0,-60.13,-139.0,333.0
30.0,-60.13,-139.0,334.0
30.0,-60.13,-139.0,334.0
30.0,-60.13,-139.0,334.0
30.0,-60.13,-139.0,334.0
30.0,-60.13,-139.0,334.0
30.0,-60.13,-139.0,334.0
30.0,-60.13,-139.0,334.0
30.0,-60.13,-139.0,334.0
30.0,-60.13,-139.0,333.0
30.0,-60.13,-139.0,334.0
30.0,-60.13,-138.0,333.0
30.0,-60.13,-139.0,334.0
40.0,-46.06,-130.0,380.0
40.0,-46.13,-130.0,380.0
40.0,-46.13,-130.0,380.0
40.0,-46.19,-130.0,381.0
40.0,-46.19,-130.0,381.0
40.0,-46.19,-130.0,380.0
40.0,-46.19,-130.0,380.0
40.0,-46.19,-130.0,380.0
40.0,-46.19,-130.0,381.0
40.0,-46.19,-130.0,380.0
40.0,-46.19,-130.0,381.0
40.0,-46.19,-130.0,380.0
40.0,-46.19,-130.0,380.0
40.0,-46.19,-130.0,380.0
40.0,-46.19,-130.0,380.0
40.0,-46.19,-130.0,380.0
40.0,-46.19,-130.0,380.0
40.0,-46.19,-130.0,380.0
40.0,-46.19,-130.0,380.0
40.0,-46.19,-130.0,380.0
40.0,-46.19,-130.0,380.0
40.0,-46.19,-130.0,380.0
40.0,-46.19,-130.0,380.0
40.0,-46.19,-130.0,381.0
40.0,-46.19,-130.0,380.0
40.0,-46.19,-130.0,380.0
40.0,-46.19,-130.0,381.0
40.0,-46.19,-130.0,381.0
40.0,-46.19,-130.0,382.0
40.0,-45.94,-130.0,381.0
40.0,-45.94,-130.0,381.0
40.0,-45.94,-130.0,381.0
40.0,-45.94,-130.0,381.0
40.0,-45.94,-130.0,381.0
40.0,-45.94,-130.0,381.0
40.0,-45.94,-130.0,382.0
40.0,-45.94,-130.0,381.0
40.0,-45.94,-130.0,381.0
40.0,-45.94,-130.0,381.0
40.0,-45.94,-130.0,381.0
40.0,-45.94,-130.0,382.0
40.0,-45.94,-130.0,382.0
40.0,-45.94,-130.0,381.0
40.0,-45.94,-130.0,381.0
40.0,-45.94,-130.0,382.0
40.0,-45.94,-130.0,381.0
40.0,-45.94,-130.0,381.0
40.0,-45.94,-129.0,381.0
40.0,-45.94,-130.0,382.0
40.0,-45.94,-130.0,381.0
50.0,-31.62,-122.0,427.0
50.0,-31.69,-122.0,427.0
50.0,-31.75,-122.0,427.0
50.0,-31.81,-122.0,427.0
50.0,-31.87,-122.0,427.0
50.0,-31.87,-122.0,427.0
50.0,-31.94,-122.0,428.0
50.0,-31.94,-122.0,427.0
50.0,-31.94,-122.0,428.0
50.0,-31.94,-122.0,428.0
50.0,-31.94,-122.0,427.0
50.0,-31.94,-122.0,428.0
50.0,-31.94,-122.0,427.0
50.0,-31.94,-122.0,427.0
50.0,-31.94,-122.0,428.0
50.0,-31.94,-122.0,427.0
50.0,-31.94,-122.0,427.0
50.0,-31.94,-122.0,427.0
50.0,-31.94,-122.0,427.0
50.0,-31.94,-122.0,427.0
50.0,-31.94,-122.0,427.0
50.0,-31.94,-122.0,427.0
50.0,-31.94,-122.0,428.0
50.0,-31.94,-122.0,427.0
50.0,-31.94,-122.0,427.0
50.0,-31.94,-122.0,427.0
50.0,-31.94,-122.0,427.0
50.0,-31.94,-123.0,427.0
50.0,-31.94,-122.0,427.0
50.0,-31.94,-122.0,428.0
50.0,-31.94,-122.0,428.0
50.0,-31.94,-122.0,428.0
50.0,-31.94,-122.0,427.0
50.0,-31.94,-122.0,427.0
50.0,-31.94,-122.0,428.0
50.0,-31.94,-122.0,427.0
50.0,-31.94,-122.0,428.0
50.0,-31.94,-122.0,428.0
50.0,-31.94,-122.0,428.0
50.0,-31.94,-122.0,428.0
50.0,-31.94,-122.0,428.0
50.0,-31.94,-122.0,427.0
50.0,-31.94,-122.0,427.0
50.0,-31.94,-122.0,427.0
50.0,-31.94,-122.0,427.0
50.0,-31.94,-122.0,427.0
50.0,-31.94,-122.0,427.0
50.0,-31.94,-122.0,427.0
50.0,-31.94,-122.0,427.0
50.0,-31.94,-122.0,428.0
60.0,-17.56,-115.0,473.0
60.0,-17.62,-115.0,473.0
60.0,-17.62,-115.0,473.0
60.0,-17.69,-115.0,473.0
60.0,-17.69,-115.0,473.0
60.0,-17.69,-115.0,473.0
60.0,-17.69,-115.0,473.0
60.0,-17.69,-115.0,473.0
60.0,-17.69,-115.0,473.0
60.0,-17.69,-115.0,474.0
60.0,-17.69,-115.0,473.0
60.0,-17.69,-115.0,473.0
60.0,-17.69,-115.0,473.0
60.0,-17.69,-115.0,473.0
60.0,-17.69,-115.0,473.0
60.0,-17.69,-115.0,473.0
60.0,-17.69,-115.0,473.0
60.0,-17.69,-115.0,473.0
60.0,-17.69,-115.0,473.0
60.0,-17.69,-115.0,473.0
60.0,-17.69,-115.0,473.0
60.0,-17.69,-115.0,473.0
60.0,-17.69,-115.0,473.0
60.0,-17.69,-115.0,473.0
60.0,-17.69,-115.0,473.0
60.0,-17.69,-115.0,472.0
60.0,-17.69,-115.0,473.0
60.0,-17.69,-115.0,473.0
60.0,-17.69,-115.0,473.0
60.0,-17.69,-115.0,473.0
60.0,-17.69,-115.0,473.0
60.0,-17.69,-115.0,473.0
60.0,-17.69,-115.0,473.0
60.0,-17.69,-115.0,473.0
60.0,-17.69,-115.0,473.0
60.0,-17.69,-115.0,473.0
60.0,-17.69,-115.0,473.0
60.0,-17.69,-115.0,473.0
60.0,-17.69,-115.0,472.0
60.0,-17.69,-115.0,473.0
60.0,-17.69,-115.0,473.0
60.0,-17.69,-115.0,473.0
60.0,-17.69,-115.0,473.0
60.0,-17.69,-115.0,473.0
60.0,-17.69,-115.0,473.0
60.0,-17.69,-115.0,473.0
60.0,-17.69,-115.0,473.0
60.0,-17.69,-115.0,473.0
60.0,-17.69,-115.0,473.0
60.0,-17.69,-115.0,473.0
70.0,-4.06,-109.0,516.0
70.0,-4.06,-109.0,515.0
70.0,-4.06,-109.0,515.0
70.0,-4.06,-109.0,515.0
70.0,-4.06,-109.0,516.0
70.0,-4.06,-109.0,515.0
70.0,-4.06,-109.0,515.0
70.0,-4.06,-109.0,515.0
70.0,-4.06,-109.0,515.0
70.0,-4.06,-109.0,515.0
70.0,-4.06,-109.0,515.0
70.0,-4.06,-109.0,515.0
70.0,-4.06,-109.0,515.0
70.0,-4.06,-109.0,515.0
70.0,-4.06,-109.0,515.0
70.0,-4.06,-109.0,515.0
70.0,-4.06,-109.0,515.0
70.0,-4.06,-109.0,515.0
70.0,-4.06,-109.0,516.0
70.0,-4.06,-109.0,515.0
70.0,-4.06,-109.0,515.0
70.0,-4.06,-109.0,515.0
70.0,-4.06,-109.0,515.0
70.0,-4.06,-109.0,515.0
70.0,-4.06,-109.0,515.0
70.0,-4.06,-109.0,515.0
70.0,-4.06,-109.0,515.0
70.0,-4.06,-109.0,515.0
70.0,-4.06,-109.0,515.0
70.0,-4.06,-109.0,515.0
70.0,-4.06,-109.0,515.0
70.0,-4.06,-109.0,515.0
70.0,-4.06,-109.0,515.0
70.0,-4.06,-109.0,515.0
70.0,-4.06,-109.0,515.0
70.0,-4.06,-109.0,515.0
70.0,-4.06,-109.0,515.0
70.0,-4.06,-109.0,515.0
70.0,-4.06,-109.0,516.0
70.0,-4.06,-109.0,516.0
70.0,-4.06,-109.0,515.0
70.0,-4.06,-109.0,515.0
70.0,-4.06,-109.0,515.0
70.0,-4.06,-109.0,515.0
70.0,-4.06,-109.0,515.0
70.0,-4.06,-109.0,515.0
70.0,-4.06,-109.0,515.0
70.0,-4.06,-109.0,515.0
70.0,-4.06,-109.0,515.0
70.0,-4.06,-109.0,515.0
70.0,-4.06,-109.0,516.0
70.0,-4.06,-109.0,515.0
70.0,-4.06,-109.0,515.0
70.0,-4.06,-109.0,515.0
70.0,-4.06,-109.0,515.0
70.0,-4.06,-109.0,515.0
70.0,-4.06,-109.0,515.0
70.0,-4.06,-109.0,515.0
70.0,-4.06,-109.0,515.0
70.0,-4.06,-109.0,515.0
70.0,-4.06,-109.0,515.0
70.0,-4.06,-109.0,515.0
70.0,-4.06,-109.0,515.0
70.0,-4.06,-109.0,515.0
70.0,-4.06,-109.0,515.0
70.0,-4.06,-109.0,515.0
70.0,-4.06,-109.0,515.0
70.0,-4.06,-109.0,515.0
70.0,-4.06,-109.0,515.0
70.0,-4.06,-109.0,515.0
70.0,-4.06,-109.0,515.0
70.0,-4.06,-109.0,515.0
70.0,-4.06,-109.0,516.0
70.0,-4.06,-109.0,515.0
70.0,-4.06,-109.0,515.0
70.0,-4.06,-109.0,515.0
70.0,-4.06,-109.0,515.0
70.0,-4.06,-109.0,515.0
70.0,-4.06,-109.0,515.0
70.0,-4.06,-109.0,515.0
70.0,-4.06,-109.0,515.0
70.0,-4.06,-109.0,515.0
70.0,-4.06,-109.0,516.0
70.0,-4.06,-109.0,516.0
70.0,-4.06,-109.0,515.0
70.0,-4.06,-109.0,515.0
70.0,-4.06,-109.0,516.0
70.0,-4.06,-109.0,515.0
70.0,-4.06,-109.0,515.0
70.0,-4.06,-109.0,515.0
70.0,-4.06,-109.0,515.0
70.0,-4.06,-109.0,515.0
70.0,-4.06,-109.0,515.0
70.0,-4.06,-109.0,516.0
70.0,-4.06,-109.0,515.0
70.0,-4.06,-109.0,515.0
70.0,-4.06,-109.0,515.0
70.0,-4.06,-109.0,515.0
70.0,-4.06,-109.0,515.0
70.0,-4.06,-109.0,515.0
60.0,-16.44,-115.0,478.0
60.0,-16.44,-114.0,477.0
60.0,-16.44,-114.0,477.0
60.0,-16.44,-115.0,477.0
60.0,-16.44,-114.0,477.0
60.0,-16.44,-114.0,478.0
60.0,-16.44,-114.0,477.0
60.0,-16.44,-114.0,477.0
60.0,-16.44,-114.0,478.0
60.0,-16.44,-114.0,478.0
60.0,-16.44,-114.0,478.0
60.0,-16.44,-114.0,477.0
60.0,-16.44,-114.0,478.0
60.0,-16.44,-114.0,478.0
60.0,-16.44,-114.0,477.0
60.0,-16.44,-114.0,478.0
60.0,-16.44,-114.0,477.0
60.0,-16.44,-114.0,478.0
60.0,-16.44,-114.0,477.0
60.0,-16.44,-114.0,477.0
60.0,-16.44,-114.0,478.0
60.0,-16.44,-114.0,477.0
60.0,-16.44,-114.0,478.0
60.0,-16.44,-114.0,478.0
60.0,-16.44,-114.0,478.0
60.0,-16.44,-114.0,478.0
60.0,-16.44,-114.0,478.0
60.0,-16.44,-114.0,478.0
60.0,-16.44,-114.0,478.0
60.0,-16.44,-114.0,478.0
60.0,-16.44,-114.0,478.0
60.0,-16.44,-114.0,478.0
60.0,-16.44,-114.0,477.0
60.0,-16.44,-114.0,478.0
60.0,-16.44,-114.0,477.0
60.0,-16.44,-114.0,477.0
60.0,-16.44,-114.0,477.0
60.0,-16.44,-114.0,477.0
60.0,-16.44,-114.0,478.0
60.0,-16.44,-114.0,478.0
60.0,-16.44,-114.0,477.0
60.0,-16.44,-114.0,478.0
60.0,-16.44,-114.0,477.0
60.0,-16.44,-114.0,478.0
60.0,-16.44,-114.0,477.0
60.0,-16.44,-114.0,477.0
60.0,-16.44,-114.0,477.0
60.0,-16.44,-114.0,477.0
60.0,-16.44,-114.0,477.0
60.0,-16.44,-114.0,477.0
50.0,-30.62,-122.0,432.0
50.0,-30.62,-122.0,433.0
50.0,-30.62,-122.0,433.0
50.0,-30.62,-122.0,433.0
50.0,-30.62,-121.0,433.0
50.0,-30.62,-122.0,433.0
50.0,-30.62,-122.0,432.0
50.0,-30.62,-122.0,433.0
50.0,-30.62,-122.0,433.0
50.0,-30.62,-121.0,433.0
50.0,-30.62,-121.0,433.0
50.0,-30.62,-122.0,433.0
50.0,-30.62,-122.0,433.0
50.0,-30.62,-122.0,432.0
50.0,-30.62,-121.0,433.0
50.0,-30.62,-122.0,433.0
50.0,-30.62,-121.0,432.0
50.0,-30.62,-121.0,433.0
50.0,-30.62,-121.0,433.0
50.0,-30.62,-122.0,432.0
50.0,-30.62,-121.0,433.0
50.0,-30.62,-121.0,432.0
50.0,-30.62,-122.0,432.0
50.0,-30.62,-122.0,432.0
50.0,-30.62,-121.0,433.0
50.0,-30.62,-121.0,433.0
50.0,-30.62,-121.0,432.0
50.0,-30.62,-122.0,433.0
50.0,-30.62,-121.0,433.0
50.0,-30.62,-122.0,433.0
50.0,-30.62,-121.0,433.0
50.0,-30.62,-122.0,432.0
50.0,-30.62,-122.0,433.0
50.0,-30.62,-122.0,433.0
50.0,-30.62,-121.0,433.0
50.0,-30.62,-122.0,433.0
50.0,-30.62,-121.0,432.0
50.0,-30.62,-121.0,432.0
50.0,-30.62,-121.0,433.0
50.0,-30.62,-121.0,432.0
50.0,-30.62,-122.0,432.0
50.0,-30.62,-122.0,433.0
50.0,-30.62,-122.0,433.0
50.0,-30.62,-121.0,433.0
50.0,-30.62,-121.0,432.0
50.0,-30.62,-122.0,433.0
50.0,-30.62,-121.0,433.0
50.0,-30.62,-121.0,433.0
50.0,-30.62,-121.0,433.0
50.0,-30.62,-121.0,433.0
40.0,-45.5,-129.0,385.0
40.0,-45.5,-129.0,385.0
40.0,-45.5,-130.0,385.0
40.0,-45.5,-130.0,385.0
40.0,-45.5,-129.0,385.0
40.0,-45.5,-130.0,385.0
40.0,-45.5,-129.0,385.0
40.0,-45.5,-129.0,385.0
40.0,-45.5,-130.0,384.0
40.0,-45.5,-130.0,385.0
40.0,-45.5,-129.0,385.0
40.0,-45.5,-129.0,385.0
40.0,-45.5,-130.0,385.0
40.0,-45.5,-129.0,385.0
40.0,-45.5,-130.0,385.0
40.0,-45.5,-130.0,385.0
40.0,-45.5,-129.0,385.0
40.0,-45.5,-130.0,385.0
40.0,-45.5,-130.0,385.0
40.0,-45.5,-129.0,385.0
40.0,-45.5,-130.0,385.0
40.0,-45.5,-129.0,385.0
40.0,-45.5,-129.0,385.0
40.0,-45.5,-130.0,385.0
40.0,-45.5,-129.0,385.0
40.0,-45.5,-129.0,385.0
40.0,-45.5,-129.0,385.0
40.0,-45.5,-130.0,385.0
40.0,-45.5,-130.0,385.0
40.0,-45.5,-129.0,385.0
40.0,-45.5,-129.0,385.0
40.0,-45.5,-130.0,385.0
40.0,-45.5,-129.0,385.0
40.0,-45.5,-130.0,385.0
40.0,-45.5,-129.0,385.0
40.0,-45.5,-130.0,385.0
40.0,-45.5,-130.0,385.0
40.0,-45.5,-130.0,385.0
40.0,-45.5,-129.0,385.0
40.0,-45.5,-129.0,385.0
40.0,-45.5,-129.0,385.0
40.0,-45.5,-130.0,385.0
40.0,-45.5,-130.0,385.0
40.0,-45.5,-130.0,385.0
40.0,-45.5,-130.0,385.0
40.0,-45.5,-129.0,385.0
40.0,-45.5,-129.0,385.0
40.0,-45.5,-130.0,385.0
40.0,-45.5,-129.0,385.0
40.0,-45.5,-129.0,385.0
30.0,-60.25,-138.0,337.0
30.0,-60.25,-138.0,337.0
30.0,-60.25,-138.0,337.0
30.0,-60.25,-138.0,336.0
30.0,-60.25,-138.0,337.0
30.0,-60.25,-138.0,337.0
30.0,-60.25,-138.0,336.0
30.0,-60.25,-138.0,337.0
30.0,-60.25,-138.0,338.0
30.0,-60.25,-138.0,336.0
30.0,-60.25,-138.0,337.0
30.0,-60.25,-138.0,337.0
30.0,-60.25,-138.0,336.0
30.0,-60.25,-138.0,337.0
30.0,-60.25,-138.0,337.0
30.0,-60.25,-138.0,336.0
30.0,-60.25,-138.0,337.0
30.0,-60.25,-138.0,337.0
30.0,-60.25,-138.0,337.0
30.0,-60.25,-138.0,336.0
30.0,-60.25,-138.0,336.0
30.0,-60.25,-138.0,337.0
30.0,-60.25,-138.0,337.0
30.0,-60.25,-138.0,337.0
30.0,-60.25,-138.0,336.0
30.0,-60.25,-138.0,337.0
30.0,-60.25,-138.0,337.0
30.0,-60.25,-138.0,337.0
30.0,-60.25,-138.0,337.0
30.0,-60.25,-138.0,337.0
30.0,-60.25,-138.0,336.0
30.0,-60.25,-138.0,337.0
30.0,-60.25,-138.0,337.0
30.0,-60.25,-138.0,336.0
30.0,-60.25,-138.0,337.0
30.0,-60.25,-138.0,337.0
30.0,-60.25,-138.0,337.0
30.0,-60.25,-138.0,337.0
30.0,-60.25,-138.0,336.0
30.0,-60.25,-138.0,337.0
30.0,-60.25,-138.0,337.0
30.0,-60.25,-138.0,337.0
30.0,-60.25,-138.0,336.0
30.0,-60.25,-138.0,339.0
30.0,-59.5,-138.0,339.0
30.0,-59.5,-138.0,339.0
30.0,-59.5,-138.0,339.0
30.0,-59.5,-138.0,339.0
30.0,-59.5,-138.0,339.0
30.0,-59.5,-138.0,339.0
20.0,-74.06,-148.0,290.0
20.0,-74.06,-148.0,290.0
20.0,-74.06,-148.0,290.0
20.0,-74.0,-148.0,290.0
20.0,-74.0,-148.0,290.0
20.0,-74.0,-148.0,290.0
20.0,-74.0,-148.0,290.0
20.0,-74.0,-148.0,290.0
20.0,-74.0,-148.0,290.0
20.0,-74.06,-149.0,290.0
20.0,-74.0,-149.0,289.0
20.0,-74.0,-149.0,289.0
20.0,-73.94,-149.0,290.0
20.0,-73.94,-149.0,289.0
20.0,-73.94,-149.0,289.0
20.0,-73.94,-149.0,289.0
20.0,-73.94,-149.0,289.0
20.0,-73.87,-149.0,289.0
20.0,-73.87,-149.0,290.0
20.0,-73.87,-149.0,289.0
20.0,-73.87,-149.0,290.0
20.0,-73.87,-149.0,289.0
20.0,-73.87,-149.0,290.0
20.0,-73.87,-149.0,290.0
20.0,-73.87,-149.0,289.0
20.0,-73.87,-149.0,289.0
20.0,-73.87,-149.0,290.0
20.0,-73.87,-149.0,290.0
20.0,-73.87,-149.0,290.0
20.0,-73.87,-149.0,290.0
20.0,-73.87,-149.0,289.0
20.0,-73.87,-149.0,289.0
20.0,-73.87,-149.0,290.0
20.0,-73.87,-149.0,290.0
20.0,-73.87,-149.0,289.0
20.0,-73.87,-149.0,290.0
20.0,-73.87,-149.0,290.0
20.0,-73.87,-149.0,290.0
20.0,-73.87,-149.0,290.0
20.0,-73.87,-149.0,289.0
20.0,-73.87,-149.0,290.0
20.0,-73.87,-149.0,290.0
20.0,-73.87,-149.0,290.0
20.0,-73.87,-149.0,289.0
20.0,-73.87,-149.0,290.0
20.0,-73.87,-149.0,290.0
20.0,-73.87,-149.0,289.0
20.0,-73.87,-149.0,289.0
20.0,-73.87,-149.0,289.0
20.0,-73.87,-149.0,289.0
10.0,-85.94,-158.0,245.0
10.0,-85.94,-158.0,245.0
10.0,-85.94,-158.0,245.0
10.0,-85.94,-158.0,245.0
10.0,-85.94,-158.0,245.0
10.0,-85.94,-158.0,245.0
10.0,-85.94,-158.0,245.0
10.0,-85.94,-158.0,245.0
10.0,-85.94,-158.0,245.0
10.0,-85.94,-158.0,246.0
10.0,-85.94,-158.0,246.0
10.0,-85.94,-158.0,245.0
10.0,-85.94,-158.0,245.0
10.0,-85.94,-158.0,245.0
10.0,-85.94,-159.0,245.0
10.0,-85.94,-158.0,245.0
10.0,-85.94,-159.0,245.0
10.0,-85.94,-159.0,245.0
10.0,-85.94,-158.0,245.0
10.0,-85.94,-159.0,245.0
10.0,-85.94,-158.0,245.0
10.0,-85.94,-159.0,245.0
10.0,-85.94,-158.0,245.0
10.0,-85.94,-159.0,245.0
10.0,-85.94,-158.0,245.0
10.0,-85.94,-159.0,245.0
10.0,-85.94,-159.0,245.0
10.0,-85.94,-159.0,245.0
10.0,-85.94,-159.0,245.0
10.0,-85.94,-159.0,245.0
10.0,-85.94,-159.0,245.0
10.0,-85.94,-159.0,245.0
10.0,-85.94,-159.0,245.0
10.0,-85.94,-159.0,245.0
10.0,-85.94,-159.0,245.0
10.0,-85.94,-159.0,245.0
10.0,-85.94,-159.0,245.0
10.0,-85.94,-159.0,245.0
10.0,-85.94,-159.0,245.0
10.0,-85.94,-159.0,245.0
10.0,-85.94,-159.0,245.0
10.0,-85.94,-159.0,245.0
10.0,-85.94,-159.0,245.0
10.0,-85.94,-159.0,245.0
10.0,-85.94,-159.0,245.0
10.0,-85.94,-159.0,246.0
10.0,-85.94,-159.0,244.0
10.0,-85.94,-159.0,245.0
10.0,-85.94,-159.0,245.0
10.0,-85.94,-159.0,245.0
20.0,-73.62,-150.0,288.0
20.0,-73.62,-150.0,287.0
20.0,-73.62,-150.0,288.0
20.0,-73.62,-149.0,288.0
20.0,-73.62,-150.0,288.0
20.0,-73.62,-149.0,288.0
20.0,-73.62,-149.0,288.0
20.0,-73.62,-149.0,288.0
20.0,-73.62,-149.0,288.0
20.0,-73.62,-149.0,288.0
20.0,-73.62,-149.0,288.0
20.0,-73.62,-149.0,288.0
20.0,-73.62,-149.0,288.0
20.0,-73.62,-149.0,288.0
20.0,-73.62,-149.0,288.0
20.0,-73.62,-149.0,288.0
20.0,-73.62,-149.0,288.0
20.0,-73.62,-149.0,288.0
20.0,-73.62,-149.0,288.0
20.0,-73.62,-150.0,288.0
20.0,-73.62,-149.0,288.0
20.0,-73.62,-149.0,288.0
20.0,-73.62,-149.0,288.0
20.0,-73.62,-150.0,288.0
20.0,-73.62,-149.0,288.0
20.0,-73.62,-149.0,288.0
20.0,-73.62,-149.0,288.0
20.0,-73.62,-149.0,288.0
20.0,-73.62,-149.0,288.0
20.0,-73.62,-149.0,288.0
20.0,-73.62,-149.0,288.0
20.0,-73.62,-149.0,288.0
20.0,-73.62,-149.0,288.0
20.0,-73.62,-149.0,288.0
20.0,-73.62,-149.0,288.0
20.0,-73.62,-149.0,288.0
20.0,-73.62,-149.0,288.0
20.0,-73.62,-149.0,288.0
20.0,-73.62,-149.0,288.0
20.0,-73.62,-149.0,288.0
20.0,-73.62,-149.0,288.0
20.0,-73.62,-149.0,288.0
20.0,-73.62,-149.0,288.0
20.0,-73.62,-149.0,288.0
20.0,-73.62,-149.0,288.0
20.0,-73.62,-149.0,288.0
20.0,-73.62,-149.0,288.0
20.0,-73.62,-149.0,288.0
20.0,-73.62,-149.0,288.0
20.0,-73.62,-150.0,288.0
30.0,-60.75,-140.0,333.0
30.0,-60.75,-140.0,333.0
30.0,-60.75,-140.0,333.0
30.0,-60.75,-140.0,333.0
30.0,-60.75,-140.0,333.0
30.0,-60.75,-140.0,333.0
30.0,-60.75,-140.0,334.0
30.0,-60.75,-140.0,334.0
30.0,-60.75,-140.0,333.0
30.0,-60.75,-140.0,334.0
30.0,-60.75,-140.0,333.0
30.0,-60.75,-140.0,333.0
30.0,-60.75,-140.0,333.0
30.0,-60.75,-140.0,333.0
30.0,-60.75,-140.0,333.0
30.0,-60.75,-140.0,333.0
30.0,-60.75,-140.0,333.0
30.0,-60.75,-140.0,334.0
30.0,-60.75,-140.0,333.0
30.0,-60.75,-140.0,333.0
30.0,-60.75,-140.0,333.0
30.0,-60.75,-140.0,333.0
30.0,-60.75,-140.0,333.0
30.0,-60.75,-140.0,333.0
30.0,-60.75,-140.0,333.0
30.0,-60.75,-140.0,333.0
30.0,-60.75,-140.0,334.0
30.0,-60.63,-140.0,334.0
30.0,-60.63,-140.0,333.0
30.0,-60.63,-140.0,334.0
30.0,-60.63,-139.0,334.0
30.0,-60.63,-140.0,334.0
30.0,-60.63,-140.0,334.0
30.0,-60.63,-140.0,334.0
30.0,-60.63,-140.0,334.0
30.0,-60.63,-140.0,334.0
30.0,-60.63,-140.0,334.0
30.0,-60.63,-140.0,334.0
30.0,-60.63,-139.0,334.0
30.0,-60.63,-140.0,334.0
30.0,-60.63,-140.0,334.0
30.0,-60.63,-140.0,333.0
30.0,-60.63,-140.0,334.0
30.0,-60.63,-140.0,334.0
30.0,-60.63,-140.0,333.0
30.0,-60.63,-140.0,334.0
30.0,-60.63,-140.0,334.0
30.0,-60.63,-140.0,334.0
30.0,-60.63,-140.0,334.0
30.0,-60.63,-140.0,334.0
40.0,-46.25,-131.0,380.0
40.0,-46.25,-131.0,381.0
40.0,-46.25,-131.0,381.0
40.0,-46.25,-131.0,380.0
40.0,-46.25,-131.0,381.0
40.0,-46.25,-131.0,381.0
40.0,-46.25,-131.0,381.0
40.0,-46.25,-131.0,380.0
40.0,-46.25,-131.0,381.0
40.0,-46.25,-131.0,381.0
40.0,-46.25,-131.0,380.0
40.0,-46.25,-131.0,381.0
40.0,-46.25,-131.0,381.0
40.0,-46.25,-131.0,380.0
40.0,-46.25,-131.0,381.0
40.0,-46.25,-131.0,380.0
40.0,-46.25,-131.0,381.0
40.0,-46.25,-131.0,381.0
40.0,-46.25,-131.0,381.0
40.0,-46.25,-131.0,381.0
40.0,-46.25,-131.0,381.0
40.0,-46.25,-131.0,380.0
40.0,-46.25,-131.0,381.0
40.0,-46.25,-131.0,380.0
40.0,-46.25,-131.0,381.0
40.0,-46.25,-131.0,381.0
40.0,-46.25,-131.0,381.0
40.0,-46.25,-131.0,381.0
40.0,-46.25,-131.0,381.0
40.0,-46.25,-131.0,381.0
40.0,-46.25,-131.0,381.0
40.0,-46.25,-131.0,381.0
40.0,-46.25,-131.0,381.0
40.0,-46.25,-131.0,381.0
40.0,-46.25,-131.0,380.0
40.0,-46.25,-131.0,381.0
40.0,-46.25,-131.0,381.0
40.0,-46.25,-131.0,381.0
40.0,-46.25,-131.0,381.0
40.0,-46.25,-131.0,381.0
40.0,-46.25,-131.0,381.0
40.0,-46.25,-131.0,380.0
40.0,-46.25,-131.0,380.0
40.0,-46.25,-131.0,381.0
40.0,-46.25,-131.0,381.0
40.0,-46.25,-131.0,381.0
40.0,-46.25,-131.0,381.0
40.0,-46.25,-131.0,381.0
40.0,-46.25,-131.0,381.0
40.0,-46.25,-131.0,381.0
50.0,-31.94,-123.0,427.0
50.0,-31.94,-123.0,427.0
50.0,-31.94,-123.0,427.0
50.0,-31.94,-123.0,427.0
50.0,-31.94,-123.0,427.0
50.0,-31.94,-123.0,427.0
50.0,-31.94,-123.0,427.0
50.0,-31.94,-123.0,427.0
50.0,-31.94,-123.0,427.0
50.0,-31.94,-123.0,426.0
50.0,-31.94,-123.0,426.0
50.0,-31.94,-123.0,427.0
50.0,-31.94,-123.0,427.0
50.0,-31.94,-123.0,427.0
50.0,-31.94,-123.0,427.0
50.0,-31.94,-123.0,427.0
50.0,-31.94,-123.0,427.0
50.0,-31.94,-123.0,427.0
50.0,-31.94,-123.0,427.0
50.0,-31.94,-123.0,427.0
50.0,-31.94,-123.0,427.0
50.0,-31.94,-123.0,427.0
50.0,-31.94,-123.0,427.0
50.0,-31.94,-123.0,427.0
50.0,-31.94,-123.0,427.0
50.0,-31.94,-123.0,427.0
50.0,-31.94,-123.0,427.0
50.0,-31.94,-123.0,427.0
50.0,-31.94,-123.0,427.0
50.0,-31.94,-123.0,427.0
50.0,-31.94,-123.0,427.0
50.0,-31.94,-123.0,427.0
50.0,-31.94,-123.0,427.0
50.0,-31.94,-123.0,427.0
50.0,-31.94,-123.0,427.0
50.0,-31.94,-123.0,427.0
50.0,-31.94,-123.0,427.0
50.0,-31.94,-123.0,427.0
50.0,-31.94,-123.0,427.0
50.0,-31.94,-123.0,427.0
50.0,-31.94,-123.0,427.0
50.0,-31.94,-123.0,426.0
50.0,-31.94,-123.0,427.0
50.0,-31.94,-123.0,427.0
50.0,-31.94,-123.0,426.0
50.0,-31.94,-123.0,427.0
50.0,-31.94,-123.0,427.0
50.0,-31.94,-123.0,427.0
50.0,-31.94,-123.0,427.0
50.0,-31.94,-123.0,427.0
60.0,-17.56,-116.0,473.0
60.0,-17.62,-116.0,473.0
60.0,-17.69,-116.0,473.0
60.0,-17.75,-116.0,473.0
60.0,-17.75,-116.0,473.0
60.0,-17.75,-116.0,473.0
60.0,-17.75,-116.0,472.0
60.0,-17.75,-116.0,473.0
60.0,-17.75,-116.0,473.0
60.0,-17.75,-116.0,473.0
60.0,-17.75,-116.0,473.0
60.0,-17.75,-116.0,473.0
60.0,-17.75,-116.0,473.0
60.0,-17.75,-116.0,473.0
60.0,-17.75,-116.0,472.0
60.0,-17.75,-116.0,473.0
60.0,-17.75,-116.0,473.0
60.0,-17.75,-116.0,472.0
60.0,-17.75,-116.0,473.0
60.0,-17.75,-116.0,473.0
60.0,-17.75,-115.0,479.0
60.0,-15.94,-115.0,478.0
60.0,-16.31,-115.0,477.0
60.0,-16.37,-115.0,477.0
60.0,-16.37,-115.0,478.0
60.0,-16.37,-115.0,477.0
60.0,-16.44,-115.0,477.0
60.0,-16.44,-115.0,478.0
60.0,-16.5,-115.0,478.0
60.0,-16.5,-115.0,477.0
60.0,-16.5,-115.0,477.0
60.0,-16.5,-115.0,478.0
60.0,-16.5,-115.0,478.0
60.0,-16.5,-115.0,478.0
60.0,-16.5,-115.0,477.0
60.0,-16.5,-115.0,477.0
60.0,-16.5,-115.0,478.0
60.0,-16.5,-115.0,477.0
60.0,-16.5,-115.0,477.0
60.0,-16.5,-115.0,477.0
60.0,-16.5,-115.0,478.0
60.0,-16.5,-115.0,478.0
60.0,-16.5,-115.0,478.0
60.0,-16.5,-115.0,478.0
60.0,-16.5,-115.0,477.0
60.0,-16.5,-115.0,478.0
60.0,-16.5,-115.0,477.0
60.0,-16.5,-115.0,478.0
60.0,-16.5,-115.0,478.0
60.0,-16.5,-115.0,478.0
70.0,-4.06,-110.0,516.0
70.0,-4.06,-109.0,521.0
70.0,-2.19,-109.0,521.0
70.0,-2.19,-109.0,521.0
70.0,-2.19,-109.0,521.0
70.0,-2.19,-109.0,522.0
70.0,-2.19,-109.0,522.0
70.0,-2.19,-109.0,522.0
70.0,-2.19,-109.0,521.0
70.0,-2.19,-109.0,521.0
70.0,-2.19,-109.0,522.0
70.0,-2.19,-109.0,521.0
70.0,-2.19,-109.0,521.0
70.0,-2.19,-109.0,522.0
70.0,-2.19,-109.0,521.0
70.0,-2.19,-109.0,521.0
70.0,-2.19,-109.0,522.0
70.0,-2.19,-109.0,522.0
70.0,-2.19,-109.0,521.0
70.0,-2.19,-109.0,521.0
70.0,-2.19,-109.0,522.0
70.0,-2.19,-109.0,521.0
70.0,-2.19,-109.0,521.0
70.0,-2.19,-109.0,521.0
70.0,-2.19,-109.0,522.0
70.0,-2.19,-109.0,521.0
70.0,-2.19,-109.0,522.0
70.0,-2.19,-109.0,522.0
70.0,-2.19,-109.0,521.0
70.0,-2.19,-109.0,521.0
70.0,-2.19,-109.0,522.0
70.0,-2.19,-109.0,522.0
70.0,-2.19,-109.0,521.0
70.0,-2.19,-109.0,521.0
70.0,-2.19,-109.0,521.0
70.0,-2.19,-109.0,522.0
70.0,-2.19,-109.0,522.0
70.0,-2.19,-109.0,522.0
70.0,-2.19,-109.0,521.0
70.0,-2.19,-109.0,521.0
70.0,-2.19,-109.0,521.0
70.0,-2.19,-109.0,521.0
70.0,-2.19,-109.0,522.0
70.0,-2.19,-109.0,521.0
70.0,-2.19,-109.0,522.0
70.0,-2.19,-109.0,522.0
70.0,-2.19,-109.0,521.0
70.0,-2.19,-109.0,522.0
70.0,-2.19,-109.0,521.0
70.0,-2.19,-109.0,521.0
70.0,-2.19,-109.0,521.0
70.0,-2.19,-109.0,522.0
70.0,-2.19,-109.0,521.0
70.0,-2.19,-109.0,521.0
70.0,-2.19,-109.0,521.0
70.0,-2.19,-109.0,522.0
70.0,-2.19,-109.0,521.0
70.0,-2.19,-109.0,521.0
70.0,-2.19,-109.0,521.0
70.0,-2.19,-109.0,521.0
70.0,-2.19,-109.0,521.0
70.0,-2.19,-109.0,522.0
70.0,-2.19,-109.0,522.0
70.0,-2.19,-109.0,521.0
70.0,-2.19,-109.0,521.0
70.0,-2.19,-109.0,522.0
70.0,-2.19,-109.0,521.0
70.0,-2.19,-109.0,521.0
70.0,-2.19,-109.0,521.0
70.0,-2.19,-109.0,521.0
70.0,-2.19,-109.0,522.0
70.0,-2.19,-109.0,521.0
70.0,-2.19,-109.0,522.0
70.0,-2.19,-109.0,521.0
70.0,-2.19,-109.0,521.0
70.0,-2.19,-109.0,522.0
70.0,-2.19,-109.0,521.0
70.0,-2.19,-109.0,522.0
70.0,-2.19,-109.0,522.0
70.0,-2.19,-109.0,522.0
70.0,-2.19,-109.0,521.0
70.0,-2.19,-109.0,522.0
70.0,-2.19,-109.0,521.0
70.0,-2.19,-109.0,522.0
70.0,-2.19,-109.0,521.0
70.0,-2.19,-109.0,522.0
70.0,-2.19,-109.0,521.0
70.0,-2.19,-109.0,522.0
70.0,-2.19,-109.0,521.0
70.0,-2.19,-109.0,521.0
70.0,-2.19,-109.0,521.0
70.0,-2.19,-109.0,521.0
70.0,-2.19,-109.0,522.0
70.0,-2.19,-109.0,521.0
70.0,-2.19,-109.0,521.0
70.0,-2.19,-109.0,522.0
70.0,-2.19,-109.0,521.0
70.0,-2.19,-109.0,521.0
70.0,-2.19,-109.0,522.0
70.0,-2.19,-109.0,522.0
60.0,-16.44,-115.0,478.0
60.0,-16.44,-115.0,478.0
60.0,-16.44,-115.0,478.0
60.0,-16.44,-115.0,478.0
60.0,-16.44,-115.0,478.0
60.0,-16.44,-115.0,478.0
60.0,-16.44,-115.0,478.0
60.0,-16.44,-115.0,478.0
60.0,-16.44,-115.0,478.0
60.0,-16.44,-115.0,478.0
60.0,-16.44,-115.0,477.0
60.0,-16.44,-115.0,478.0
60.0,-16.44,-115.0,478.0
60.0,-16.44,-115.0,478.0
60.0,-16.44,-115.0,478.0
60.0,-16.44,-115.0,478.0
60.0,-16.44,-115.0,478.0
60.0,-16.44,-115.0,478.0
60.0,-16.44,-115.0,478.0
60.0,-16.44,-115.0,478.0
60.0,-16.44,-115.0,478.0
60.0,-16.44,-115.0,478.0
60.0,-16.44,-115.0,478.0
60.0,-16.44,-115.0,478.0
60.0,-16.44,-115.0,478.0
60.0,-16.44,-115.0,478.0
60.0,-16.44,-115.0,477.0
60.0,-16.44,-115.0,478.0
60.0,-16.44,-115.0,478.0
60.0,-16.44,-115.0,478.0
60.0,-16.44,-115.0,478.0
60.0,-16.44,-115.0,478.0
60.0,-16.44,-115.0,478.0
60.0,-16.44,-115.0,478.0
60.0,-16.44,-115.0,478.0
60.0,-16.44,-115.0,478.0
60.0,-16.44,-115.0,478.0
60.0,-16.44,-115.0,478.0
60.0,-16.44,-115.0,478.0
60.0,-16.44,-115.0,478.0
60.0,-16.44,-115.0,478.0
60.0,-16.44,-115.0,478.0
60.0,-16.44,-115.0,477.0
60.0,-16.44,-115.0,478.0
60.0,-16.44,-115.0,478.0
60.0,-16.44,-115.0,478.0
60.0,-16.44,-115.0,478.0
60.0,-16.44,-115.0,478.0
60.0,-16.44,-115.0,478.0
60.0,-16.44,-115.0,478.0
50.0,-30.69,-122.0,433.0
50.0,-30.69,-122.0,433.0
50.0,-30.69,-122.0,433.0
50.0,-30.69,-122.0,433.0
50.0,-30.69,-122.0,433.0
50.0,-30.69,-122.0,433.0
50.0,-30.69,-122.0,433.0
50.0,-30.69,-122.0,433.0
50.0,-30.69,-122.0,433.0
50.0,-30.69,-122.0,433.0
50.0,-30.69,-122.0,433.0
50.0,-30.69,-122.0,433.0
50.0,-30.69,-122.0,433.0
50.0,-30.69,-122.0,433.0
50.0,-30.69,-122.0,433.0
50.0,-30.69,-122.0,433.0
50.0,-30.69,-122.0,433.0
50.0,-30.69,-122.0,433.0
50.0,-30.69,-122.0,433.0
50.0,-30.69,-122.0,433.0
50.0,-30.69,-122.0,433.0
50.0,-30.69,-122.0,433.0
50.0,-30.69,-122.0,433.0
50.0,-30.69,-122.0,433.0
50.0,-30.69,-122.0,433.0
50.0,-30.69,-122.0,433.0
50.0,-30.69,-122.0,433.0
50.0,-30.69,-122.0,433.0
50.0,-30.69,-122.0,433.0
50.0,-30.69,-122.0,433.0
50.0,-30.69,-122.0,433.0
50.0,-30.69,-122.0,433.0
50.0,-30.69,-122.0,433.0
50.0,-30.69,-122.0,434.0
50.0,-30.69,-122.0,433.0
50.0,-30.69,-122.0,433.0
50.0,-30.69,-122.0,433.0
50.0,-30.69,-122.0,433.0
50.0,-30.69,-122.0,433.0
50.0,-30.69,-122.0,433.0
50.0,-30.69,-122.0,433.0
50.0,-30.69,-122.0,433.0
50.0,-30.69,-122.0,433.0
50.0,-30.69,-122.0,433.0
50.0,-30.69,-122.0,433.0
50.0,-30.69,-122.0,433.0
50.0,-30.69,-122.0,433.0
50.0,-30.69,-122.0,433.0
50.0,-30.69,-122.0,433.0
50.0,-30.69,-122.0,433.0
40.0,-45.75,-130.0,385.0
40.0,-45.75,-130.0,385.0
40.0,-45.75,-130.0,385.0
40.0,-45.75,-130.0,385.0
40.0,-45.75,-130.0,385.0
40.0,-45.75,-130.0,385.0
40.0,-45.75,-130.0,385.0
40.0,-45.75,-130.0,385.0
40.0,-45.75,-130.0,385.0
40.0,-45.75,-130.0,385.0
40.0,-45.75,-130.0,385.0
40.0,-45.75,-130.0,385.0
40.0,-45.75,-130.0,385.0
40.0,-45.75,-130.0,385.0
40.0,-45.75,-130.0,385.0
40.0,-45.75,-130.0,385.0
40.0,-45.75,-130.0,385.0
40.0,-45.75,-130.0,385.0
40.0,-45.75,-130.0,385.0
40.0,-45.75,-130.0,385.0
40.0,-45.75,-130.0,385.0
40.0,-45.75,-130.0,385.0
40.0,-45.75,-130.0,385.0
40.0,-45.75,-130.0,385.0
40.0,-45.75,-130.0,385.0
40.0,-45.75,-130.0,385.0
40.0,-45.75,-130.0,385.0
40.0,-45.75,-130.0,385.0
40.0,-45.75,-130.0,385.0
40.0,-45.75,-130.0,385.0
40.0,-45.75,-130.0,385.0
40.0,-45.75,-130.0,384.0
40.0,-45.75,-130.0,385.0
40.0,-45.75,-130.0,385.0
40.0,-45.75,-130.0,385.0
40.0,-45.75,-130.0,385.0
40.0,-45.75,-130.0,385.0
40.0,-45.75,-130.0,385.0
40.0,-45.75,-130.0,385.0
40.0,-45.75,-130.0,385.0
40.0,-45.75,-130.0,385.0
40.0,-45.75,-130.0,385.0
40.0,-45.75,-130.0,385.0
40.0,-45.75,-130.0,385.0
40.0,-45.75,-130.0,385.0
40.0,-45.75,-130.0,385.0
40.0,-45.75,-130.0,385.0
40.0,-45.75,-130.0,385.0
40.0,-45.75,-130.0,385.0
40.0,-45.75,-130.0,385.0
30.0,-60.38,-139.0,337.0
30.0,-60.38,-139.0,336.0
30.0,-60.31,-139.0,336.0
30.0,-60.31,-139.0,336.0
30.0,-60.31,-139.0,337.0
30.0,-60.31,-139.0,337.0
30.0,-60.31,-139.0,337.0
30.0,-60.31,-138.0,337.0
30.0,-60.31,-139.0,337.0
30.0,-60.31,-139.0,337.0
30.0,-60.31,-139.0,336.0
30.0,-60.31,-139.0,337.0
30.0,-60.31,-138.0,336.0
30.0,-60.31,-139.0,337.0
30.0,-60.31,-138.0,337.0
30.0,-60.31,-139.0,336.0
30.0,-60.31,-139.0,336.0
30.0,-60.31,-139.0,337.0
30.0,-60.31,-139.0,337.0
30.0,-60.31,-139.0,337.0
30.0,-60.31,-139.0,337.0
30.0,-60.31,-139.0,337.0
30.0,-60.31,-139.0,336.0
30.0,-60.31,-139.0,337.0
30.0,-60.31,-139.0,337.0
30.0,-60.31,-139.0,336.0
30.0,-60.31,-139.0,337.0
30.0,-60.31,-139.0,336.0
30.0,-60.31,-139.0,337.0
30.0,-60.31,-139.0,336.0
30.0,-60.31,-139.0,336.0
30.0,-60.31,-139.0,337.0
30.0,-60.31,-138.0,337.0
30.0,-60.31,-139.0,337.0
30.0,-60.31,-139.0,336.0
30.0,-60.31,-139.0,337.0
30.0,-60.31,-139.0,337.0
30.0,-60.31,-139.0,337.0
30.0,-60.31,-139.0,337.0
30.0,-60.31,-139.0,337.0
30.0,-60.31,-139.0,337.0
30.0,-60.31,-139.0,337.0
30.0,-60.31,-139.0,337.0
30.0,-60.31,-139.0,336.0
30.0,-60.31,-139.0,336.0
30.0,-60.31,-139.0,337.0
30.0,-60.31,-139.0,337.0
30.0,-60.31,-139.0,336.0
30.0,-60.31,-139.0,336.0
30.0,-60.31,-139.0,336.0
20.0,-74.19,-148.0,289.0
20.0,-74.19,-148.0,290.0
20.0,-74.12,-148.0,289.0
20.0,-74.12,-148.0,289.0
20.0,-74.12,-148.0,290.0
20.0,-74.12,-148.0,289.0
20.0,-74.12,-148.0,290.0
20.0,-74.12,-148.0,290.0
20.0,-74.12,-148.0,290.0
20.0,-74.12,-148.0,290.0
20.0,-74.12,-148.0,290.0
20.0,-74.12,-148.0,289.0
20.0,-74.12,-148.0,289.0
20.0,-74.12,-148.0,289.0
20.0,-74.12,-148.0,290.0
20.0,-74.12,-148.0,290.0
20.0,-74.12,-148.0,289.0
20.0,-74.12,-148.0,289.0
20.0,-74.12,-148.0,290.0
20.0,-74.12,-148.0,290.0
20.0,-74.12,-148.0,290.0
20.0,-74.12,-148.0,290.0
20.0,-74.12,-148.0,289.0
20.0,-74.12,-148.0,289.0
20.0,-74.12,-148.0,289.0
20.0,-74.12,-148.0,290.0
20.0,-74.12,-148.0,290.0
20.0,-74.12,-148.0,289.0
20.0,-74.12,-148.0,289.0
20.0,-74.12,-148.0,289.0
20.0,-74.12,-148.0,289.0
20.0,-74.12,-148.0,289.0
20.0,-74.12,-148.0,290.0
20.0,-74.12,-148.0,290.0
20.0,-74.12,-148.0,289.0
20.0,-74.12,-148.0,290.0
20.0,-74.12,-148.0,290.0
20.0,-74.12,-148.0,289.0
20.0,-74.12,-148.0,289.0
20.0,-74.12,-148.0,289.0
20.0,-74.12,-148.0,289.0
20.0,-74.12,-148.0,289.0
20.0,-74.12,-148.0,289.0
20.0,-74.12,-148.0,289.0
20.0,-74.12,-148.0,290.0
20.0,-74.12,-148.0,289.0
20.0,-74.12,-148.0,289.0
20.0,-74.12,-148.0,290.0
20.0,-74.12,-148.0,289.0
20.0,-74.12,-148.0,290.0
10.0,-86.81,-158.0,244.0
10.0,-86.75,-158.0,244.0
10.0,-86.75,-158.0,245.0
10.0,-86.69,-158.0,244.0
10.0,-86.69,-158.0,244.0
10.0,-86.69,-158.0,244.0
10.0,-86.69,-158.0,245.0
10.0,-86.69,-158.0,244.0
10.0,-86.69,-158.0,244.0
10.0,-86.69,-158.0,244.0
10.0,-86.69,-158.0,244.0
10.0,-86.69,-158.0,244.0
10.0,-86.69,-158.0,244.0
10.0,-86.69,-158.0,245.0
10.0,-86.69,-158.0,244.0
10.0,-86.69,-158.0,245.0
10.0,-86.69,-158.0,244.0
10.0,-86.69,-158.0,244.0
10.0,-86.69,-158.0,244.0
10.0,-86.69,-158.0,244.0
10.0,-86.69,-158.0,244.0
10.0,-86.69,-158.0,245.0
10.0,-86.69,-158.0,244.0
10.0,-86.69,-158.0,244.0
10.0,-86.69,-158.0,244.0
10.0,-86.69,-158.0,244.0
10.0,-86.69,-158.0,244.0
10.0,-86.69,-158.0,244.0
10.0,-86.69,-158.0,244.0
10.0,-86.69,-158.0,244.0
10.0,-86.69,-158.0,244.0
10.0,-86.69,-158.0,244.0
10.0,-86.69,-158.0,244.0
10.0,-86.69,-158.0,245.0
10.0,-86.69,-158.0,244.0
10.0,-86.69,-158.0,244.0
10.0,-86.69,-158.0,244.0
10.0,-86.69,-158.0,244.0
10.0,-86.69,-158.0,244.0
10.0,-86.69,-158.0,244.0
10.0,-86.69,-158.0,244.0
10.0,-86.69,-158.0,244.0
10.0,-86.69,-158.0,244.0
10.0,-86.69,-159.0,244.0
10.0,-86.69,-158.0,244.0
10.0,-86.69,-158.0,244.0
10.0,-86.69,-158.0,244.0
10.0,-86.69,-158.0,244.0
10.0,-86.69,-158.0,244.0
10.0,-86.69,-158.0,244.0
20.0,-74.5,-149.0,288.0
20.0,-74.5,-149.0,288.0
20.0,-74.44,-149.0,288.0
20.0,-74.44,-149.0,288.0
20.0,-74.44,-149.0,287.0
20.0,-74.44,-149.0,288.0
20.0,-74.44,-149.0,287.0
20.0,-74.44,-149.0,288.0
20.0,-74.44,-149.0,288.0
20.0,-74.44,-149.0,288.0
20.0,-74.44,-149.0,287.0
20.0,-74.44,-149.0,288.0
20.0,-74.44,-149.0,288.0
20.0,-74.44,-149.0,288.0
20.0,-74.44,-149.0,288.0
20.0,-74.44,-149.0,288.0
20.0,-74.44,-149.0,288.0
20.0,-74.44,-149.0,287.0
20.0,-74.44,-149.0,288.0
20.0,-74.44,-149.0,288.0
20.0,-74.44,-149.0,288.0
20.0,-74.44,-149.0,288.0
20.0,-74.44,-149.0,288.0
20.0,-74.44,-149.0,288.0
20.0,-74.44,-149.0,288.0
20.0,-74.44,-149.0,288.0
20.0,-74.44,-149.0,288.0
20.0,-74.44,-149.0,288.0
20.0,-74.44,-149.0,288.0
20.0,-74.44,-149.0,288.0
20.0,-74.44,-149.0,288.0
20.0,-74.44,-149.0,287.0
20.0,-74.44,-149.0,288.0
20.0,-74.44,-149.0,288.0
20.0,-74.44,-149.0,287.0
20.0,-74.44,-149.0,288.0
20.0,-74.44,-149.0,288.0
20.0,-74.44,-149.0,288.0
20.0,-74.44,-149.0,288.0
20.0,-74.44,-149.0,288.0
20.0,-74.44,-149.0,288.0
20.0,-74.44,-149.0,288.0
20.0,-74.44,-149.0,288.0
20.0,-74.44,-149.0,288.0
20.0,-74.44,-149.0,288.0
20.0,-74.44,-149.0,288.0
20.0,-74.44,-149.0,287.0
20.0,-74.44,-149.0,288.0
20.0,-74.44,-149.0,288.0
20.0,-74.44,-149.0,288.0
30.0,-60.56,-139.0,334.0
30.0,-60.56,-139.0,334.0
30.0,-60.56,-139.0,334.0
30.0,-60.56,-139.0,334.0
30.0,-60.56,-139.0,334.0
30.0,-60.56,-139.0,334.0
30.0,-60.56,-139.0,334.0
30.0,-60.56,-139.0,334.0
30.0,-60.56,-139.0,334.0
30.0,-60.56,-139.0,334.0
30.0,-60.56,-139.0,333.0
30.0,-60.56,-139.0,333.0
30.0,-60.56,-139.0,334.0
30.0,-60.56,-139.0,334.0
30.0,-60.56,-139.0,334.0
30.0,-60.56,-139.0,334.0
30.0,-60.56,-139.0,334.0
30.0,-60.56,-139.0,333.0
30.0,-60.56,-139.0,334.0
30.0,-60.56,-139.0,334.0
30.0,-60.56,-139.0,334.0
30.0,-60.56,-139.0,334.0
30.0,-60.56,-139.0,333.0
30.0,-60.56,-139.0,334.0
30.0,-60.56,-139.0,334.0
30.0,-60.56,-139.0,334.0
30.0,-60.56,-139.0,334.0
30.0,-60.56,-139.0,333.0
30.0,-60.56,-139.0,334.0
30.0,-60.56,-139.0,334.0
30.0,-60.56,-139.0,334.0
30.0,-60.56,-139.0,334.0
30.0,-60.56,-139.0,334.0
30.0,-60.56,-139.0,333.0
30.0,-60.56,-139.0,334.0
30.0,-60.56,-139.0,334.0
30.0,-60.56,-139.0,334.0
30.0,-60.56,-139.0,333.0
30.0,-60.56,-139.0,334.0
30.0,-60.56,-139.0,334.0
30.0,-60.56,-139.0,333.0
30.0,-60.56,-139.0,334.0
30.0,-60.56,-139.0,334.0
30.0,-60.56,-139.0,333.0
30.0,-60.56,-139.0,334.0
30.0,-60.56,-139.0,333.0
30.0,-60.56,-139.0,334.0
30.0,-60.56,-139.0,333.0
30.0,-60.56,-139.0,334.0
30.0,-60.56,-139.0,334.0
40.0,-46.13,-130.0,381.0
40.0,-46.13,-130.0,380.0
40.0,-46.13,-130.0,381.0
40.0,-46.13,-130.0,381.0
40.0,-46.13,-130.0,381.0
40.0,-46.13,-130.0,380.0
40.0,-46.13,-130.0,381.0
40.0,-46.13,-130.0,381.0
40.0,-46.13,-130.0,381.0
40.0,-46.13,-130.0,381.0
40.0,-46.13,-130.0,381.0
40.0,-46.13,-130.0,381.0
40.0,-46.13,-130.0,381.0
40.0,-46.13,-130.0,381.0
40.0,-46.13,-130.0,381.0
40.0,-46.0,-130.0,381.0
40.0,-46.0,-130.0,381.0
40.0,-46.0,-130.0,381.0
40.0,-46.0,-130.0,381.0
40.0,-46.0,-130.0,381.0
40.0,-46.0,-130.0,381.0
40.0,-46.0,-130.0,381.0
40.0,-46.0,-130.0,381.0
40.0,-46.0,-130.0,381.0
40.0,-46.0,-130.0,381.0
40.0,-46.0,-130.0,381.0
40.0,-46.0,-130.0,381.0
40.0,-46.0,-130.0,382.0
40.0,-46.0,-130.0,381.0
40.0,-46.0,-130.0,382.0
40.0,-46.0,-130.0,381.0
40.0,-46.0,-130.0,381.0
40.0,-46.0,-130.0,381.0
40.0,-46.0,-130.0,381.0
40.0,-46.0,-130.0,380.0
40.0,-46.0,-130.0,381.0
40.0,-46.0,-130.0,381.0
40.0,-46.0,-130.0,381.0
40.0,-46.0,-130.0,381.0
40.0,-46.0,-130.0,381.0
40.0,-46.0,-130.0,381.0
40.0,-46.0,-130.0,382.0
40.0,-46.0,-130.0,381.0
40.0,-46.0,-130.0,381.0
40.0,-46.0,-130.0,381.0
40.0,-46.0,-130.0,381.0
40.0,-46.0,-130.0,382.0
40.0,-46.0,-130.0,381.0
40.0,-46.0,-130.0,381.0
40.0,-46.0,-130.0,381.0
50.0,-31.87,-122.0,427.0
50.0,-31.94,-123.0,427.0
50.0,-31.94,-123.0,427.0
50.0,-32.0,-123.0,427.0
50.0,-32.0,-122.0,427.0
50.0,-32.0,-123.0,427.0
50.0,-32.0,-123.0,427.0
50.0,-32.0,-123.0,427.0
50.0,-32.0,-122.0,427.0
50.0,-32.0,-123.0,427.0
50.0,-32.0,-123.0,427.0
50.0,-32.0,-123.0,427.0
50.0,-32.0,-122.0,427.0
50.0,-32.0,-123.0,427.0
50.0,-32.0,-123.0,428.0
50.0,-32.0,-123.0,427.0
50.0,-32.0,-122.0,428.0
50.0,-32.0,-123.0,427.0
50.0,-32.0,-123.0,427.0
50.0,-32.0,-123.0,427.0
50.0,-32.0,-123.0,428.0
50.0,-32.0,-123.0,427.0
50.0,-32.0,-123.0,428.0
50.0,-32.0,-123.0,427.0
50.0,-32.0,-123.0,427.0
50.0,-32.0,-123.0,427.0
50.0,-32.0,-123.0,427.0
50.0,-32.0,-123.0,427.0
50.0,-32.0,-123.0,428.0
50.0,-32.0,-123.0,427.0
50.0,-32.0,-123.0,427.0
50.0,-32.0,-123.0,427.0
50.0,-32.0,-123.0,427.0
50.0,-32.0,-123.0,428.0
50.0,-32.0,-123.0,428.0
50.0,-32.0,-123.0,428.0
50.0,-32.0,-123.0,428.0
50.0,-32.0,-123.0,428.0
50.0,-32.0,-123.0,428.0
50.0,-32.0,-123.0,428.0
50.0,-32.0,-123.0,428.0
50.0,-32.0,-123.0,428.0
50.0,-32.0,-123.0,427.0
50.0,-32.0,-122.0,427.0
50.0,-32.0,-123.0,428.0
50.0,-32.0,-123.0,427.0
50.0,-32.0,-123.0,428.0
50.0,-32.0,-123.0,428.0
50.0,-32.0,-123.0,427.0
50.0,-32.0,-123.0,428.0
60.0,-17.94,-115.0,472.0
60.0,-17.94,-115.0,473.0
60.0,-17.94,-115.0,473.0
60.0,-17.94,-115.0,473.0
60.0,-17.94,-115.0,473.0
60.0,-17.94,-115.0,473.0
60.0,-17.94,-115.0,473.0
60.0,-17.94,-115.0,473.0
60.0,-17.94,-115.0,473.0
60.0,-17.94,-115.0,473.0
60.0,-17.94,-115.0,473.0
60.0,-17.94,-115.0,473.0
60.0,-17.94,-115.0,473.0
60.0,-17.94,-115.0,473.0
60.0,-17.94,-115.0,473.0
60.0,-17.94,-115.0,473.0
60.0,-17.94,-115.0,473.0
60.0,-17.94,-115.0,473.0
60.0,-17.94,-115.0,473.0
60.0,-17.94,-115.0,473.0
60.0,-17.94,-115.0,473.0
60.0,-17.94,-115.0,473.0
60.0,-17.94,-115.0,473.0
60.0,-17.94,-115.0,473.0
60.0,-17.94,-115.0,473.0
60.0,-17.94,-115.0,473.0
60.0,-17.94,-115.0,473.0
60.0,-17.94,-115.0,473.0
60.0,-17.94,-115.0,473.0
60.0,-17.94,-115.0,473.0
60.0,-17.94,-115.0,473.0
60.0,-17.94,-115.0,473.0
60.0,-17.94,-115.0,473.0
60.0,-17.94,-115.0,473.0
60.0,-17.94,-115.0,473.0
60.0,-17.94,-115.0,473.0
60.0,-17.94,-115.0,473.0
60.0,-17.94,-115.0,473.0
60.0,-17.94,-115.0,473.0
60.0,-17.94,-115.0,473.0
60.0,-17.94,-115.0,473.0
60.0,-17.94,-115.0,473.0
60.0,-17.94,-115.0,474.0
60.0,-17.5,-115.0,474.0
60.0,-17.5,-115.0,474.0
60.0,-17.5,-115.0,474.0
60.0,-17.5,-115.0,474.0
60.0,-17.5,-115.0,474.0
60.0,-17.5,-115.0,474.0
60.0,-17.5,-115.0,474.0
70.0,-4.13,-109.0,516.0
70.0,-4.13,-109.0,516.0
70.0,-4.13,-109.0,516.0
70.0,-4.13,-109.0,516.0
70.0,-4.13,-109.0,516.0
70.0,-4.13,-109.0,516.0
70.0,-4.13,-109.0,516.0
70.0,-4.13,-109.0,516.0
70.0,-4.13,-109.0,515.0
70.0,-4.13,-109.0,516.0
70.0,-4.13,-109.0,515.0
70.0,-4.13,-109.0,516.0
70.0,-4.13,-109.0,516.0
70.0,-4.13,-109.0,516.0
70.0,-4.13,-109.0,516.0
70.0,-4.13,-109.0,515.0
70.0,-4.13,-109.0,515.0
70.0,-4.13,-109.0,516.0
70.0,-4.13,-109.0,516.0
70.0,-4.13,-109.0,516.0
70.0,-4.13,-109.0,516.0
70.0,-4.13,-109.0,516.0
70.0,-4.13,-109.0,516.0
70.0,-4.13,-109.0,516.0
70.0,-4.13,-109.0,515.0
70.0,-4.13,-109.0,516.0
70.0,-4.13,-109.0,516.0
70.0,-4.13,-109.0,516.0
70.0,-4.13,-109.0,516.0
70.0,-4.13,-109.0,516.0
70.0,-4.13,-109.0,516.0
70.0,-4.13,-109.0,516.0
70.0,-4.13,-109.0,516.0
70.0,-4.13,-109.0,516.0
70.0,-4.13,-109.0,515.0
70.0,-4.13,-109.0,515.0
70.0,-4.13,-109.0,516.0
70.0,-4.13,-109.0,516.0
70.0,-4.13,-109.0,516.0
70.0,-4.13,-109.0,516.0
70.0,-4.13,-109.0,516.0
70.0,-4.13,-109.0,515.0
70.0,-4.13,-109.0,516.0
70.0,-4.13,-109.0,515.0
70.0,-4.13,-109.0,516.0
70.0,-4.13,-109.0,516.0
70.0,-4.13,-109.0,516.0
70.0,-4.13,-109.0,516.0
70.0,-4.13,-109.0,516.0
70.0,-4.13,-109.0,516.0
