ID,Value
1,0.9327284833540133
2,0.8660638895004084
3,0.04521867010618941
4,0.026366974497252005
5,0.3764633668780496
6,0.8105533307818329
7,0.9872761293149445
8,0.15041689110352818
9,0.5941307153521351
10,0.3808908566310215
11,0.9699143978146032
12,0.8421189231357087
13,0.8383287047111379
14,0.4686931597949703
15,0.4148195023376652
16,0.27340707193070624
17,0.056375496650927115
18,0.8647223762550532
19,0.8129010091300776
20,0.9997176732861306
21,0.9966368370739054
22,0.5554317056026274
23,0.7689874151805105
24,0.944765729882428
25,0.8496473906774115
26,0.24734810174319766
27,0.4505441353100935
28,0.12915941515149498
29,0.9540510272587224
30,0.60617463445088
31,0.22864280550346272
32,0.6717006844058567
33,0.6181282404578958
34,0.3581627180328405
35,0.11355759219962902
36,0.6715731955927996
37,0.5203077009037933
38,0.7723183917356393
39,0.5201635011119934
40,0.8521815003185401
41,0.5519068387744855
42,0.5609379715353863
43,0.876653602658345
44,0.40348286621239704
45,0.13401522845064073
46,0.028782676313338973
47,0.755137255673619
48,0.6203095513534647
49,0.7040797680992236
50,0.21296416150891073
51,0.13637147558676976
52,0.014544665667881929
53,0.350587558806597
54,0.5899176868546331
55,0.3922440450997323
56,0.43747492202372906
57,0.9041586944937484
58,0.34825546702330035
59,0.5139894891598108
60,0.7836530127411431
61,0.39654278232127016
62,0.6220867002278735
63,0.8623637087467452
64,0.9495206236576421
65,0.14707348092903794
66,0.9265876251614944
67,0.4921162930795382
68,0.25824438829895835
69,0.4591357562382613
70,0.980032575285477
71,0.4926180939928696
72,0.3287516102875082
73,0.6334008543167258
74,0.24014561877819307
75,0.07586332810866392
76,0.12887972191064923
77,0.12804583895777244
78,0.15190269351229435
79,0.13882717264941014
80,0.6408747448032146
81,0.18188008439914483
82,0.3456672833238632
83,0.8967884099060118
84,0.47396164026287235
85,0.6675577385210272
86,0.17231987120162984
87,0.19228901880867078
88,0.04086861626647886
89,0.16893506307216455
90,0.2785903390319586
91,0.17701048427674682
92,0.08870253375705561
93,0.12063587110060081
94,0.46077876803272577
95,0.2063337184057925
96,0.36426986104807546
97,0.5034172708548569
98,0.6903948286293653
99,0.039312139841098936
100,0.7994103989090426
101,0.6279003894909078
102,0.08175903194887191
103,0.8735786241067772
104,0.9208724005318132
105,0.06107795985486375
106,0.2768776481472037
107,0.8062012797930613
108,0.7482596903836584
109,0.18452101935637732
110,0.2093493233367103
111,0.370472102791382
112,0.4845229851910213
113,0.618254771530296
114,0.3689136395697724
115,0.4625347161331479
116,0.7474709381337565
117,0.0366832028905979
118,0.25243694434402075
119,0.7133495858845524
120,0.8952068376871993
121,0.5116774421156661
122,0.5321134852653157
123,0.10717201133977605
124,0.44741236682345464
125,0.5326172664550232
126,0.24247050363472966
127,0.26924323094938096
128,0.37728416310462265
129,0.02007119777772637
130,0.3220791655831783
131,0.21144800699654465
132,0.32749735217791465
133,0.11976213181925122
134,0.890527280739895
135,0.5935924535540487
136,0.6791023191444896
137,0.7891712386073383
138,0.4984421989290573
139,0.08692028808742369
140,0.5371065418185478
141,0.5868411180208791
142,0.74543947418433
143,0.4316595462296794
144,0.12758030279556376
145,0.28377590579872447
146,0.3630822963986351
147,0.6459172413316012
148,0.5707783046689119
149,0.35609672589784624
150,0.9865152487929797
151,0.6057748193568872
152,0.23722679173599448
153,0.10178247262040374
154,0.15285913918433203
155,0.24595772838450813
156,0.16068137325955567
157,0.18656702405130576
158,0.2850951686938471
159,0.17337359529475482
160,0.8967654246264252
161,0.08023374566164221
162,0.5245113895702547
163,0.4103968269896615
164,0.9823786169086064
165,0.11203890216805235
166,0.39785559904574164
167,0.9694704332753689
168,0.8655071258939803
169,0.8170720709492799
170,0.25790282704493983
171,0.17088758739006582
172,0.668643219924431
173,0.9293759891275858
174,0.5567628930139298
175,0.5716126894698998
176,0.2799790936602842
177,0.7694929331919369
178,0.18704374855752337
179,0.3236792364042437
180,0.4254364386164168
181,0.507610378684455
182,0.24240973241508024
183,0.11483682473920354
184,0.6106200424416326
185,0.28863055324025577
186,0.5812382214226123
187,0.1543627152742023
188,0.4811401018548175
189,0.5325894325515859
190,0.05182353682242691
191,0.3366042781939206
192,0.13441467693897424
193,0.06337497047276774
194,0.9899602323899452
195,0.32235384497472297
196,0.8098744458546349
197,0.25464065476376385
198,0.6815027222239293
199,0.7602278598896866
200,0.5956387406078443
201,0.47157618855015837
202,0.41184091414726853
203,0.3488682665429953
204,0.9295291442478258
205,0.8306194077877291
206,0.9650269106665126
207,0.12429722348554473
208,0.7308674752036443
209,0.9383404568210378
210,0.18123306616566015
211,0.0664962673667775
212,0.741120649290059
213,0.5744731131799119
214,0.8418287767582721
215,0.1397723766262895
216,0.7952673118598902
217,0.20162732004774453
218,0.1636559428657045
219,0.16426579793099294
220,0.8145747202313821
221,0.6651972206962001
222,0.5230654247691193
223,0.3588304841235025
224,0.8772005408131083
225,0.3924451074226354
226,0.8165994394715771
227,0.4391349085702184
228,0.3769444294249076
229,0.46267978566960644
230,0.3013778741641421
231,0.7476093801762511
232,0.5027203900924792
233,0.2322126951468173
234,0.8995745732745685
235,0.3838912213732114
236,0.5435528611139886
237,0.9064721109645469
238,0.6242379959139921
239,0.11689804070836407
240,0.9398321236134751
241,0.6277080530714179
242,0.3349056146570861
243,0.13927207266338726
244,0.794025189270296
245,0.6200727559285135
246,0.5334610919763215
247,0.8938925830509576
248,0.7885972112245307
249,0.15167487973275118
250,0.31172206779554823
251,0.24848913981446574
252,0.743946292572677
253,0.03353243473577938
254,0.5698896848713165
255,0.7624586857406905
256,0.8767656367617495
257,0.34208174871590746
258,0.8212573046720129
259,0.11063173695520723
260,0.8464522917345182
261,0.12748866233198242
262,0.39728729056036727
263,0.7972953657795536
264,0.14991742734877378
265,0.22925139523264149
266,0.7222525683930663
267,0.7200365365460744
268,0.6411476328852973
269,0.6939484444671
270,0.5427244433475962
271,0.25179905890695276
272,0.34569599350391944
273,0.18159771680142567
274,0.9084505613336283
275,0.5833917947661205
276,0.4008514167636399
277,0.4620058036441327
278,0.9472833396118153
279,0.1533514031160802
280,0.5862298320167972
281,0.505888678884466
282,0.6114542354346478
283,0.01811018382084051
284,0.8721239089441515
285,0.9321182824836124
286,0.5651331835892089
287,0.6966508238768923
288,0.9224993811772957
289,0.7072386343133986
290,0.15253904291426135
291,0.5762883601668132
292,0.6067150463828559
293,0.424130671302386
294,0.7364442356247228
295,0.9343670147690148
296,0.9255685129067763
297,0.4508393714041321
298,0.11323804584075525
299,0.9848411989623346
300,0.8388980864459341
301,0.12466268120326685
302,0.9208418826173723
303,0.8698963620621283
304,0.5188380571260721
305,0.5912754357449292
306,0.39900270387013026
307,0.05476163882203133
308,0.3351972416459009
309,0.8028534485980114
310,0.004632023004602859
311,0.3334991716911442
312,0.3981686935909433
313,0.5373956029379229
314,0.9198556164127605
315,0.34634599436596125
316,0.3469532018962277
317,0.7375012481097484
318,0.45221794088980716
319,0.22460482293998196
320,0.4524395161326934
321,0.14085702037979986
322,0.1763869865062233
323,0.49836777273947974
324,0.4189254495045479
325,0.9148459010681
326,0.3623938991166331
327,0.5805883502780435
328,0.6322642879195304
329,0.013094456588333636
330,0.6635373720167106
331,0.17803596686975143
332,0.9610703174694551
333,0.14866272775311296
334,0.41462412372702373
335,0.08534966807864386
336,0.9968742518459474
337,0.5021950103312426
338,0.5953850173200438
339,0.06707647738842748
340,0.7499604703991778
341,0.20990559309558576
342,0.8980542894407137
343,0.20513964048200717
344,0.19068772066366657
345,0.03654966784809488
346,0.47206694510999925
347,0.5648411332626164
348,0.06570863942835237
349,0.7755276166950106
350,0.4532888347480276
351,0.52439026932758
352,0.44076274693822814
353,0.400763060875326
354,0.5596403313082179
355,0.1552402459307125
356,0.18192813049527112
357,0.8617856210135173
358,0.9461154621336327
359,0.37330931627975295
360,0.27074467314355377
361,0.6439995432390158
362,0.4087341710980964
363,0.02538635566034486
364,0.15615259736619036
365,0.7159722288473975
366,0.6589239419101514
367,0.02709599250348349
368,0.22197216193294944
369,0.2310747965880714
370,0.6718927435987284
371,0.019710537754364155
372,0.10410858198457384
373,0.7999160853731894
374,0.1785446620543336
375,0.6527461078518747
376,0.23818278104672652
377,0.09944139275934516
378,0.24317219099945409
379,0.7222669318556592
380,0.8556964681062857
381,0.8302198645669916
382,0.3971835296184548
383,0.6680851365706462
384,0.20498429541582097
385,0.29314773026101326
386,0.8963358185211198
387,0.013001923510736035
388,0.08550853085446808
389,0.20788625514602732
390,0.026532203873819715
391,0.18143543508979731
392,0.5830415609696922
393,0.42142455059249795
394,0.8926717110769748
395,0.8174435617384409
396,0.34181735169787597
397,0.2594234334312925
398,0.3796924081672669
399,0.5902949425148077
400,0.26806364082287626
401,0.624148907849134
402,0.4094116521912404
403,0.5520471808519802
404,0.4361265291353167
405,0.29446575954191767
406,0.9484533069621567
407,0.7636057941597608
408,0.14011317576645255
409,0.8684679758979128
410,0.48743119824951364
411,0.8945522268940914
412,0.7998552559473152
413,0.42521350446923345
414,0.022469308320117398
415,0.2686773593849461
416,0.5416342146608669
417,0.6334782198261473
418,0.2578876854332023
419,0.13935607407282413
420,0.8349302367992991
421,0.9844021807035521
422,0.5256901823026858
423,0.1716792858483035
424,0.27230732651936895
425,0.018390676547466733
426,0.914298806560499
427,0.11775108289014113
428,0.5765164755142536
429,0.274055220687206
430,0.5541780025157934
431,0.6514203883518642
432,0.8297418037072016
433,0.2064212717606032
434,0.010995828658480478
435,0.13688563006880727
436,0.9000186418481051
437,0.8738900775625152
438,0.5974131021703083
439,0.6005168604336534
440,0.6650366745462555
441,0.1753712786234496
442,0.9144119459249598
443,0.4187705248920731
444,0.38313852824949746
445,0.5189177052828375
446,0.046965966775055046
447,0.1662833687560794
448,0.7380336164263704
449,0.08279866792512647
450,0.6031521094663882
451,0.24534910968132095
452,0.38929561404197655
453,0.28869373677069987
454,0.35567271646494913
455,0.7190459051842455
456,0.297121715623175
457,0.5664046402968972
458,0.47605040219909966
459,0.6636711653626481
460,0.936829739324758
461,0.7325720972102503
462,0.21494037859075676
463,0.031183135061284672
464,0.2622640442998251
465,0.5950779307002548
466,0.05142581348425035
467,0.49636624720123634
468,0.5968428489168892
469,0.3342438908169608
470,0.7709122037458219
471,0.1065982531337718
472,0.07513778173580876
473,0.7281887562036033
474,0.49549131620619846
475,0.688402396427736
476,0.4348273386037462
477,0.2464020332391068
478,0.8191023176741997
479,0.7994158789689793
480,0.6946964708544268
481,0.2721451372299627
482,0.5902306668690871
483,0.3609738969400268
484,0.09158207332663415
485,0.9173135754622428
486,0.1368186309189614
487,0.9502373538208024
488,0.44600577295795574
489,0.18513292883861965
490,0.5419009473783581
491,0.8729458358764083
492,0.7322248864095612
493,0.8065611478614497
494,0.6587833667107174
495,0.6922765645178525
496,0.8491956515653193
497,0.24966800885918594
498,0.4894249636431405
499,0.22120944181960223
500,0.987668007996647
501,0.9440593396866133
502,0.0394268113685059
503,0.7055751725156885
504,0.9252483174156658
505,0.18057534512733353
506,0.5679452305526295
507,0.9154882975880418
508,0.03394597858579884
509,0.6974202672468399
510,0.29734900737255077
511,0.9243961953765304
512,0.9710582451653678
513,0.9442664891134339
514,0.47421421665746377
515,0.8620426509893134
516,0.8445493985350704
517,0.31910047324325563
518,0.8289154741506773
519,0.03700763471549262
520,0.596269878482053
521,0.23000883728770305
522,0.12056688577727881
523,0.07695320162920916
524,0.6962887758781398
525,0.33987496376806614
526,0.7247667715287615
527,0.06535634079894237
528,0.31529033783061033
529,0.5394912923753372
530,0.7907231648389635
531,0.3187525029320699
532,0.6258913764370091
533,0.8859777482361871
534,0.6158631881823046
535,0.23295947475363377
536,0.02440078155653802
537,0.8700988739009299
538,0.021269410850387138
539,0.8747016726841994
540,0.528937134027212
541,0.9390676985128962
542,0.7987832357736654
543,0.9979341105333375
544,0.35071181545171015
545,0.7671882889311269
546,0.40193091360924216
547,0.47987562030390885
548,0.6275054632183701
549,0.8736771141863388
550,0.9840834691992951
551,0.7682734138645182
552,0.41776678216733376
553,0.4213570022770702
554,0.7375823015888915
555,0.23877714576830233
556,0.11047411313139466
557,0.35462215764077654
558,0.28723899165408173
559,0.2963081204559901
560,0.23360775104990994
561,0.04209318963636188
562,0.01787393473341381
563,0.9877223897360315
564,0.42777313373586234
565,0.3843266471596817
566,0.6796472826930698
567,0.21825388786506417
568,0.9499611839502253
569,0.786345014415552
570,0.08941100231225951
571,0.41758077578492836
572,0.8791183075621647
573,0.9447320222914103
574,0.4674015112498697
575,0.6134113892107077
576,0.16703394609207523
577,0.9911686261369765
578,0.2316717013834434
579,0.9427317741351257
580,0.6496466489923685
581,0.6077367948788591
582,0.5126885110165086
583,0.2306698117177587
584,0.17652803200550826
585,0.22048620907017535
586,0.18643826214425452
587,0.7795844735667533
588,0.3501252591667301
589,0.05784267656339637
590,0.9691026301408113
591,0.8837858849634257
592,0.927752283195213
593,0.9949078226464353
594,0.1738952492194873
595,0.39624201890265875
596,0.7582384757040913
597,0.6960206180537922
598,0.15389590633985506
599,0.8158331249906178
600,0.22444057183666066
601,0.22381761482262308
602,0.5369744228934136
603,0.5929399348417032
604,0.5800862078378112
605,0.09148683739775487
606,0.8774608626303804
607,0.26560004258870606
608,0.12951492128280417
609,0.8887480798689772
610,0.9556514982297534
611,0.8621276172654506
612,0.8095160747248781
613,0.6552419806390217
614,0.5508573706091393
615,0.08698675991141014
616,0.4084532130706987
617,0.372688517012314
618,0.2597537837603262
619,0.7234201136885849
620,0.4958757350787708
621,0.08104621590764793
622,0.22018320194981134
623,0.6832587636595959
624,0.07613085949030018
625,0.8512069140487687
626,0.4951465270139743
627,0.480586577326648
628,0.5924077846595176
629,0.8246809659251492
630,0.34780920790219305
631,0.6780161525590636
632,0.5657319639957911
633,0.2670282701694213
634,0.878629986355158
635,0.7974260216069281
636,0.6584518346584255
637,0.8505817290942419
638,0.8672942009598024
639,0.7083629767150348
640,0.837013328363672
641,0.6974714616692836
642,0.6801407717603004
643,0.6186113782151843
644,0.7527166395576412
645,0.1586051052930737
646,0.8808707591989284
647,0.871843527745232
648,0.029247283034559146
649,0.8258167505647627
650,0.1288698674734452
651,0.3351188542591419
652,0.7435082562916078
653,0.1607598960483082
654,0.8179670241190622
655,0.8321341779577419
656,0.5074677337608362
657,0.00638587171683358
658,0.2870381331749128
659,0.6169269183757422
660,0.9811861780274235
661,0.6318135270166684
662,0.2598035810641598
663,0.6340057030996114
664,0.5399853797158555
665,0.7798453951511436
666,0.10698063882695841
667,0.761027902502028
668,0.5412665786761103
669,0.9629920038589946
670,0.3418721660386861
671,0.6326218931339481
672,0.9320281055100175
673,0.10250972799067926
674,0.9372284872364511
675,0.6878857223008134
676,0.0678370591051719
677,0.30096356694681625
678,0.7081720886452816
679,0.0673506014687717
680,0.5821704601762733
681,0.34588305695295674
682,0.6209155177674771
683,0.04574203381251285
684,0.8715368061523763
685,0.9734889691773969
686,0.9688778552856915
687,0.7496518317429247
688,0.13008624013063197
689,0.7582631959290226
690,0.02458691645880151
691,0.022123551528997254
692,0.32361021914954125
693,0.48864319040466575
694,0.7704074178077932
695,0.6832953766065052
696,0.44590270637674834
697,0.2736266662816659
698,0.9971245001577111
699,0.42618130223597295
700,0.4513870243296755
701,0.16362382119166918
702,0.7948095487499294
703,0.6936822257814886
704,0.2207696127887604
705,0.0823810456158427
706,0.6804993020747131
707,0.6545112142811352
708,0.2732595269982093
709,0.9508635622504104
710,0.15105789178090023
711,0.4323348010426019
712,0.9436159201675989
713,0.4197273169261223
714,0.6385259476640855
715,0.3975943979627943
716,0.27421520234867003
717,0.9839776479598282
718,0.409334006315043
719,0.8940992036791344
720,0.22995460589108618
721,0.2131047040250833
722,0.03113408288451136
723,0.651666825375885
724,0.36852634372376114
725,0.864358249839637
726,0.47320990669155716
727,0.9681934279147217
728,0.18552551570312115
729,0.8686231679556108
730,0.7765968527917417
731,0.770921844644052
732,0.8447832281168877
733,0.7610239909429989
734,0.6262203216314154
735,0.13124487768238757
736,0.032526179491251916
737,0.9208478478156868
738,0.616650314520738
739,0.7965372909761763
740,0.4815223515125501
741,0.11730818896239448
742,0.12518579220255044
743,0.6855652872289714
744,0.4303058948994627
745,0.20052472670033672
746,0.4915945467414369
747,0.06420893707513409
748,0.5819714019143988
749,0.26899340443509767
750,0.7975591006371882
751,0.31036195892357377
752,0.4552201490818012
753,0.011620539908100636
754,0.07244688779455888
755,0.3924935564066848
756,0.4799388347171235
757,0.6000205481193037
758,0.29166257870930323
759,0.6949818861265425
760,0.8601223971892046
761,0.7798509888933498
762,0.039618825348357145
763,0.48050694725782894
764,0.10493017841817487
765,0.24204501586252747
766,0.9866625932671464
767,0.14249554290151323
768,0.49888815345135606
769,0.6181557343181191
770,0.702464970544104
771,0.5596486834869141
772,0.00977084741918366
773,0.3264613082439919
774,0.5177116433847114
775,0.08786649914483335
776,0.35062693120918076
777,0.033203108791366565
778,0.07857849715502074
779,0.39692327620159606
780,0.13271575404306035
781,0.5675408482615582
782,0.6894649691372657
783,0.8005866991090829
784,0.2001502442448101
785,0.16748258225906976
786,0.10456784033440025
787,0.6364302495436367
788,0.7064757264869012
789,0.03158614482564204
790,0.9362122462436898
791,0.05197128365147241
792,0.5412963353010705
793,0.7090605194509164
794,0.8709691237460856
795,0.7140869321324278
796,0.8017280830697918
797,0.33945019254280606
798,0.8148251137465122
799,0.08011484638467514
800,0.8948166560605276
801,0.5475923761537362
802,0.8172977699624937
803,0.45231828451830014
804,0.643577695196525
805,0.5264026609361132
806,0.7315895217553319
807,0.08162998203058958
808,0.0603520839905638
809,0.24710323401014644
810,0.15954468011318834
811,0.8717835665922017
812,0.21921398735804432
813,0.9758652558191313
814,0.33689579177110685
815,0.18211791568869928
816,0.7896985071424791
817,0.6587077755008761
818,0.498195716453139
819,0.5553635509376312
820,0.7192017782722638
821,0.22845474133129873
822,0.9963339160567419
823,0.9747931621467831
824,0.6503256863469369
825,0.19954245092914513
826,0.6802282424312913
827,0.07219840897917584
828,0.030652502205806065
829,0.2576828885112137
830,0.4626229567393163
831,0.8682725054083805
832,0.727169069766308
833,0.742706521199981
834,0.42549333444807536
835,0.3459349925469629
836,0.3710387629846027
837,0.9876495637360578
838,0.04010919141248248
839,0.8670314961224486
840,0.5786754085723934
841,0.43861541918959046
842,0.7252576604151365
843,0.48666894142470285
844,0.8734232380816606
845,0.9007018640112585
846,0.4217209268734554
847,0.2768277972350516
848,0.5923503285933622
849,0.912363345616691
850,0.21066218900566658
851,0.6229665835634828
852,0.6315602200925206
853,0.733113022415281
854,0.1315676851272598
855,0.7158249646820886
856,0.909032520665641
857,0.17968310887024197
858,0.23754332492387764
859,0.9713950940416396
860,0.18097695270948977
861,0.8543850933695791
862,0.4922778564480348
863,0.24723107440317704
864,0.8707499012725114
865,0.4453052550026655
866,0.5148173539296902
867,0.3592333693997657
868,0.5929508514349274
869,0.16352387258502277
870,0.3910815366517607
871,0.9694123223352875
872,0.25813343270112754
873,0.6567366645412922
874,0.3251900642246949
875,0.7734731256866006
876,0.13087366071834983
877,0.9698210450785447
878,0.45378954138363925
879,0.23605046334646396
880,0.07349674733001266
881,0.16975790508754074
882,0.5197739485560177
883,0.3370031764312863
884,0.8288833658826095
885,0.43088752366180594
886,0.2487142725876299
887,0.61714498660403
888,0.7067772168854458
889,0.16704190790094986
890,0.16761921628831766
891,0.03667142693354297
892,0.7364020150656405
893,0.6638045276218051
894,0.4746308757498139
895,0.8441704489691971
896,0.8056701529500532
897,0.5853543643967521
898,0.8682712805132586
899,0.20584121003676825
900,0.11191961939772788
901,0.2697496115169896
902,0.05708685608931485
903,0.531169528001032
904,0.9366056922949615
905,0.03934354066850965
906,0.1221099140100268
907,0.4521990282834353
908,0.9338750175279049
909,0.3161561049767505
910,0.5072348086883924
911,0.0415728590503921
912,0.14834320096208886
913,0.9866301229588469
914,0.9651186964360455
915,0.004939980934409616
916,0.951811785423239
917,0.6391199378155004
918,0.8679182945200221
919,0.4547398556338591
920,0.5155960285792502
921,0.4888465802569202
922,0.6668642575461043
923,0.1396512547563129
924,0.029973589872677953
925,0.3079299415911909
926,0.7046807627366467
927,0.20185345212294836
928,0.6734324333249173
929,0.9699120461072704
930,0.09390071578941839
931,0.6726021182251263
932,0.44375021930457115
933,0.8681422543775054
934,0.1771497894473859
935,0.6926259522261645
936,0.8381152896481102
937,0.9446142194740232
938,0.6832480282896458
939,0.4971747640084273
940,0.6178472402012138
941,0.8689049844787182
942,0.5706097466388297
943,0.03038705969683686
944,0.9309486955069778
945,0.6895267510315611
946,0.6765133857772465
947,0.21567515239771717
948,0.6588854702326572
949,0.3938644056541585
950,0.6512329770414921
951,0.10659303030799072
952,0.657845304603036
953,0.9994137257706666
954,0.04821203886055603
955,0.9771741842213173
956,0.4069079607228706
957,0.8707534503372591
958,0.7823854840582735
959,0.5670162609866678
960,0.7384492092513265
961,0.8785155613013479
962,0.404140321651033
963,0.3270331615632387
964,0.6675933855635847
965,0.8078459419412586
966,0.7622851347766157
967,0.7978136488586345
968,0.435583314812933
969,0.8178342161750216
970,0.12020905537060844
971,0.5444890979608495
972,0.0057586604981215705
973,0.3245858299002703
974,0.3664615348713979
975,0.3961726916092554
976,0.6954672066898622
977,0.38855810127034573
978,0.44869362262253065
979,0.23754413087432746
980,0.3732517916293401
981,0.22726962726315147
982,0.07319592376844364
983,0.6034485933813779
984,0.6682127985550163
985,0.6194903460096145
986,0.46349404380057235
987,0.3797857801792298
988,0.8633336495718252
989,0.519081785136218
990,0.47918187762973097
991,0.025642065806435688
992,0.34124782762615635
993,0.38019561878585706
994,0.3988227808969005
995,0.5801723692273323
996,0.5336025467268785
997,0.6079050927934446
998,0.7648832615421283
999,0.8129857387160935
1000,0.7181230762264944
